route,file_id,domain,guard_seconds,windows,common_scale_drift
equal_revolutions,source/12kHz_DE_data/B/0007/B007_0.mat,source,0.025,11,0.0224191617844144
equal_revolutions,source/12kHz_DE_data/B/0007/B007_0.mat,source,0.05,11,0
equal_revolutions,source/12kHz_DE_data/B/0007/B007_0.mat,source,0.075,11,0.0301545185382289
equal_revolutions,source/12kHz_DE_data/B/0007/B007_1.mat,source,0.025,11,0.0228838445363347
equal_revolutions,source/12kHz_DE_data/B/0007/B007_1.mat,source,0.05,11,0
equal_revolutions,source/12kHz_DE_data/B/0007/B007_1.mat,source,0.075,11,0.0266308670399415
equal_revolutions,source/12kHz_DE_data/B/0007/B007_2.mat,source,0.025,11,0.0129846476074774
equal_revolutions,source/12kHz_DE_data/B/0007/B007_2.mat,source,0.05,11,0
equal_revolutions,source/12kHz_DE_data/B/0007/B007_2.mat,source,0.075,11,0.0293476476818927
equal_revolutions,source/12kHz_DE_data/B/0007/B007_3.mat,source,0.025,11,0.0305268064816461
equal_revolutions,source/12kHz_DE_data/B/0007/B007_3.mat,source,0.05,11,0
equal_revolutions,source/12kHz_DE_data/B/0007/B007_3.mat,source,0.075,11,0.0134391094477426
equal_revolutions,source/12kHz_DE_data/B/0014/B014_0.mat,source,0.025,11,0.162346388650409
equal_revolutions,source/12kHz_DE_data/B/0014/B014_0.mat,source,0.05,11,0
equal_revolutions,source/12kHz_DE_data/B/0014/B014_0.mat,source,0.075,11,0.0565916352379799
equal_revolutions,source/12kHz_DE_data/B/0014/B014_1.mat,source,0.025,11,0.0378701528975569
equal_revolutions,source/12kHz_DE_data/B/0014/B014_1.mat,source,0.05,11,0
equal_revolutions,source/12kHz_DE_data/B/0014/B014_1.mat,source,0.075,11,0.0301187355144306
equal_revolutions,source/12kHz_DE_data/B/0014/B014_2.mat,source,0.025,11,0.0580238156985806
equal_revolutions,source/12kHz_DE_data/B/0014/B014_2.mat,source,0.05,11,0
equal_revolutions,source/12kHz_DE_data/B/0014/B014_2.mat,source,0.075,11,0.0502263964914843
equal_revolutions,source/12kHz_DE_data/B/0014/B014_3.mat,source,0.025,11,0.0320105331705483
equal_revolutions,source/12kHz_DE_data/B/0014/B014_3.mat,source,0.05,11,0
equal_revolutions,source/12kHz_DE_data/B/0014/B014_3.mat,source,0.075,11,0.0341702031623702
equal_revolutions,source/12kHz_DE_data/B/0021/B021_0.mat,source,0.025,11,0.0524269993797233
equal_revolutions,source/12kHz_DE_data/B/0021/B021_0.mat,source,0.05,11,0
equal_revolutions,source/12kHz_DE_data/B/0021/B021_0.mat,source,0.075,11,0.0668954080939937
equal_revolutions,source/12kHz_DE_data/B/0021/B021_1.mat,source,0.025,11,0.325507667747982
equal_revolutions,source/12kHz_DE_data/B/0021/B021_1.mat,source,0.05,11,0
equal_revolutions,source/12kHz_DE_data/B/0021/B021_1.mat,source,0.075,11,0.021626719637156
equal_revolutions,source/12kHz_DE_data/B/0021/B021_2.mat,source,0.025,11,0.0336955331600702
equal_revolutions,source/12kHz_DE_data/B/0021/B021_2.mat,source,0.05,11,0
equal_revolutions,source/12kHz_DE_data/B/0021/B021_2.mat,source,0.075,11,0.0194647684977542
equal_revolutions,source/12kHz_DE_data/B/0021/B021_3.mat,source,0.025,11,0.0294981600222281
equal_revolutions,source/12kHz_DE_data/B/0021/B021_3.mat,source,0.05,11,0
equal_revolutions,source/12kHz_DE_data/B/0021/B021_3.mat,source,0.075,11,0.0405835864631108
equal_revolutions,source/12kHz_DE_data/B/0028/B028_0_(1797rpm).mat,source,0.025,11,0.0421569751387968
equal_revolutions,source/12kHz_DE_data/B/0028/B028_0_(1797rpm).mat,source,0.05,11,0
equal_revolutions,source/12kHz_DE_data/B/0028/B028_0_(1797rpm).mat,source,0.075,11,0.0303938666370435
equal_revolutions,source/12kHz_DE_data/B/0028/B028_1_(1772rpm).mat,source,0.025,11,0.0305533172666643
equal_revolutions,source/12kHz_DE_data/B/0028/B028_1_(1772rpm).mat,source,0.05,11,0
equal_revolutions,source/12kHz_DE_data/B/0028/B028_1_(1772rpm).mat,source,0.075,11,0.0154077949364839
equal_revolutions,source/12kHz_DE_data/B/0028/B028_2_(1750rpm).mat,source,0.025,11,0.0313590400708865
equal_revolutions,source/12kHz_DE_data/B/0028/B028_2_(1750rpm).mat,source,0.05,11,0
equal_revolutions,source/12kHz_DE_data/B/0028/B028_2_(1750rpm).mat,source,0.075,11,0.162543596117495
equal_revolutions,source/12kHz_DE_data/B/0028/B028_3_(1730rpm).mat,source,0.025,11,0.0406439847543065
equal_revolutions,source/12kHz_DE_data/B/0028/B028_3_(1730rpm).mat,source,0.05,11,0
equal_revolutions,source/12kHz_DE_data/B/0028/B028_3_(1730rpm).mat,source,0.075,11,0.0245272159966161
equal_revolutions,source/12kHz_DE_data/IR/0007/IR007_0.mat,source,0.025,11,0.00142933462999827
equal_revolutions,source/12kHz_DE_data/IR/0007/IR007_0.mat,source,0.05,11,0
equal_revolutions,source/12kHz_DE_data/IR/0007/IR007_0.mat,source,0.075,11,0.00815623314844528
equal_revolutions,source/12kHz_DE_data/IR/0007/IR007_1.mat,source,0.025,11,0.0109095601512554
equal_revolutions,source/12kHz_DE_data/IR/0007/IR007_1.mat,source,0.05,11,0
equal_revolutions,source/12kHz_DE_data/IR/0007/IR007_1.mat,source,0.075,11,0.0061340388831983
equal_revolutions,source/12kHz_DE_data/IR/0007/IR007_2.mat,source,0.025,11,0.00502437235682055
equal_revolutions,source/12kHz_DE_data/IR/0007/IR007_2.mat,source,0.05,11,0
equal_revolutions,source/12kHz_DE_data/IR/0007/IR007_2.mat,source,0.075,11,0.00317098690401681
equal_revolutions,source/12kHz_DE_data/IR/0007/IR007_3.mat,source,0.025,11,0.00982462508299183
equal_revolutions,source/12kHz_DE_data/IR/0007/IR007_3.mat,source,0.05,11,0
equal_revolutions,source/12kHz_DE_data/IR/0007/IR007_3.mat,source,0.075,11,0.00848405682146718
equal_revolutions,source/12kHz_DE_data/IR/0014/IR014_0.mat,source,0.025,11,0.0555625504794983
equal_revolutions,source/12kHz_DE_data/IR/0014/IR014_0.mat,source,0.05,11,0
equal_revolutions,source/12kHz_DE_data/IR/0014/IR014_0.mat,source,0.075,11,0.0434919610494145
equal_revolutions,source/12kHz_DE_data/IR/0014/IR014_1.mat,source,0.025,11,0.0459074549885341
equal_revolutions,source/12kHz_DE_data/IR/0014/IR014_1.mat,source,0.05,11,0
equal_revolutions,source/12kHz_DE_data/IR/0014/IR014_1.mat,source,0.075,11,0.0244265464401202
equal_revolutions,source/12kHz_DE_data/IR/0014/IR014_2.mat,source,0.025,11,0.0370291209736996
equal_revolutions,source/12kHz_DE_data/IR/0014/IR014_2.mat,source,0.05,11,0
equal_revolutions,source/12kHz_DE_data/IR/0014/IR014_2.mat,source,0.075,11,0.0232333830739368
equal_revolutions,source/12kHz_DE_data/IR/0014/IR014_3.mat,source,0.025,11,0.0215405727823838
equal_revolutions,source/12kHz_DE_data/IR/0014/IR014_3.mat,source,0.05,11,0
equal_revolutions,source/12kHz_DE_data/IR/0014/IR014_3.mat,source,0.075,11,0.0273435991787748
equal_revolutions,source/12kHz_DE_data/IR/0021/IR021_0.mat,source,0.025,11,0.0150981423426417
equal_revolutions,source/12kHz_DE_data/IR/0021/IR021_0.mat,source,0.05,11,0
equal_revolutions,source/12kHz_DE_data/IR/0021/IR021_0.mat,source,0.075,11,0.00898605261711337
equal_revolutions,source/12kHz_DE_data/IR/0021/IR021_1.mat,source,0.025,11,0.0135753448868732
equal_revolutions,source/12kHz_DE_data/IR/0021/IR021_1.mat,source,0.05,11,0
equal_revolutions,source/12kHz_DE_data/IR/0021/IR021_1.mat,source,0.075,11,0.0110373557832191
equal_revolutions,source/12kHz_DE_data/IR/0021/IR021_2.mat,source,0.025,11,0.0227527114289635
equal_revolutions,source/12kHz_DE_data/IR/0021/IR021_2.mat,source,0.05,11,0
equal_revolutions,source/12kHz_DE_data/IR/0021/IR021_2.mat,source,0.075,11,0.0186469505995454
equal_revolutions,source/12kHz_DE_data/IR/0021/IR021_3.mat,source,0.025,11,0.028649350929206
equal_revolutions,source/12kHz_DE_data/IR/0021/IR021_3.mat,source,0.05,11,0
equal_revolutions,source/12kHz_DE_data/IR/0021/IR021_3.mat,source,0.075,11,0.0506255168282904
equal_revolutions,source/12kHz_DE_data/IR/0028/IR028_0_(1797rpm).mat,source,0.025,11,0.0305974204261488
equal_revolutions,source/12kHz_DE_data/IR/0028/IR028_0_(1797rpm).mat,source,0.05,11,0
equal_revolutions,source/12kHz_DE_data/IR/0028/IR028_0_(1797rpm).mat,source,0.075,11,0.0338670073103141
equal_revolutions,source/12kHz_DE_data/IR/0028/IR028_1_(1772rpm).mat,source,0.025,11,0.010290558384169
equal_revolutions,source/12kHz_DE_data/IR/0028/IR028_1_(1772rpm).mat,source,0.05,11,0
equal_revolutions,source/12kHz_DE_data/IR/0028/IR028_1_(1772rpm).mat,source,0.075,11,0.0233338032532741
equal_revolutions,source/12kHz_DE_data/IR/0028/IR028_2_(1750rpm).mat,source,0.025,11,0.0148952045544039
equal_revolutions,source/12kHz_DE_data/IR/0028/IR028_2_(1750rpm).mat,source,0.05,11,0
equal_revolutions,source/12kHz_DE_data/IR/0028/IR028_2_(1750rpm).mat,source,0.075,11,0.0150539715810968
equal_revolutions,source/12kHz_DE_data/IR/0028/IR028_3_(1730rpm).mat,source,0.025,11,0.0177515346699255
equal_revolutions,source/12kHz_DE_data/IR/0028/IR028_3_(1730rpm).mat,source,0.05,11,0
equal_revolutions,source/12kHz_DE_data/IR/0028/IR028_3_(1730rpm).mat,source,0.075,11,0.0224371928656101
equal_revolutions,source/12kHz_DE_data/OR/Centered/0007/OR007@6_0.mat,source,0.025,11,0.00458022632980037
equal_revolutions,source/12kHz_DE_data/OR/Centered/0007/OR007@6_0.mat,source,0.05,11,0
equal_revolutions,source/12kHz_DE_data/OR/Centered/0007/OR007@6_0.mat,source,0.075,11,0.0115067742283011
equal_revolutions,source/12kHz_DE_data/OR/Centered/0007/OR007@6_1.mat,source,0.025,11,0.00492940224158478
equal_revolutions,source/12kHz_DE_data/OR/Centered/0007/OR007@6_1.mat,source,0.05,11,0
equal_revolutions,source/12kHz_DE_data/OR/Centered/0007/OR007@6_1.mat,source,0.075,11,0.00829883889395552
equal_revolutions,source/12kHz_DE_data/OR/Centered/0007/OR007@6_2.mat,source,0.025,11,0.00891056266732539
equal_revolutions,source/12kHz_DE_data/OR/Centered/0007/OR007@6_2.mat,source,0.05,11,0
equal_revolutions,source/12kHz_DE_data/OR/Centered/0007/OR007@6_2.mat,source,0.075,11,0.0184658666735543
equal_revolutions,source/12kHz_DE_data/OR/Centered/0007/OR007@6_3.mat,source,0.025,11,0.0162891510295239
equal_revolutions,source/12kHz_DE_data/OR/Centered/0007/OR007@6_3.mat,source,0.05,11,0
equal_revolutions,source/12kHz_DE_data/OR/Centered/0007/OR007@6_3.mat,source,0.075,11,0.00577953512984764
equal_revolutions,source/12kHz_DE_data/OR/Centered/0014/OR014@6_0.mat,source,0.025,11,0.0159540002635352
equal_revolutions,source/12kHz_DE_data/OR/Centered/0014/OR014@6_0.mat,source,0.05,11,0
equal_revolutions,source/12kHz_DE_data/OR/Centered/0014/OR014@6_0.mat,source,0.075,11,0.0299726180203013
equal_revolutions,source/12kHz_DE_data/OR/Centered/0014/OR014@6_1.mat,source,0.025,11,0.0345233690969007
equal_revolutions,source/12kHz_DE_data/OR/Centered/0014/OR014@6_1.mat,source,0.05,11,0
equal_revolutions,source/12kHz_DE_data/OR/Centered/0014/OR014@6_1.mat,source,0.075,11,0.0271620802828882
equal_revolutions,source/12kHz_DE_data/OR/Centered/0014/OR014@6_2.mat,source,0.025,11,0.0172867597336578
equal_revolutions,source/12kHz_DE_data/OR/Centered/0014/OR014@6_2.mat,source,0.05,11,0
equal_revolutions,source/12kHz_DE_data/OR/Centered/0014/OR014@6_2.mat,source,0.075,11,0.0149519499959204
equal_revolutions,source/12kHz_DE_data/OR/Centered/0014/OR014@6_3.mat,source,0.025,11,0.018909795202973
equal_revolutions,source/12kHz_DE_data/OR/Centered/0014/OR014@6_3.mat,source,0.05,11,0
equal_revolutions,source/12kHz_DE_data/OR/Centered/0014/OR014@6_3.mat,source,0.075,11,0.0148221034380682
equal_revolutions,source/12kHz_DE_data/OR/Centered/0021/OR021@6_0.mat,source,0.025,11,0.115354276824786
equal_revolutions,source/12kHz_DE_data/OR/Centered/0021/OR021@6_0.mat,source,0.05,11,0
equal_revolutions,source/12kHz_DE_data/OR/Centered/0021/OR021@6_0.mat,source,0.075,11,0.0050922876266584
equal_revolutions,source/12kHz_DE_data/OR/Centered/0021/OR021@6_1.mat,source,0.025,11,0.051824038176168
equal_revolutions,source/12kHz_DE_data/OR/Centered/0021/OR021@6_1.mat,source,0.05,11,0
equal_revolutions,source/12kHz_DE_data/OR/Centered/0021/OR021@6_1.mat,source,0.075,11,0.0242008372538015
equal_revolutions,source/12kHz_DE_data/OR/Centered/0021/OR021@6_2.mat,source,0.025,11,0.068856282849104
equal_revolutions,source/12kHz_DE_data/OR/Centered/0021/OR021@6_2.mat,source,0.05,11,0
equal_revolutions,source/12kHz_DE_data/OR/Centered/0021/OR021@6_2.mat,source,0.075,11,0.0376688495875213
equal_revolutions,source/12kHz_DE_data/OR/Centered/0021/OR021@6_3.mat,source,0.025,11,0.026671898951107
equal_revolutions,source/12kHz_DE_data/OR/Centered/0021/OR021@6_3.mat,source,0.05,11,0
equal_revolutions,source/12kHz_DE_data/OR/Centered/0021/OR021@6_3.mat,source,0.075,11,0.0419182327102481
equal_revolutions,source/12kHz_DE_data/OR/Opposite/0007/OR007@12_0.mat,source,0.025,11,0.0103289750434369
equal_revolutions,source/12kHz_DE_data/OR/Opposite/0007/OR007@12_0.mat,source,0.05,11,0
equal_revolutions,source/12kHz_DE_data/OR/Opposite/0007/OR007@12_0.mat,source,0.075,11,0.0249292281245129
equal_revolutions,source/12kHz_DE_data/OR/Opposite/0007/OR007@12_1.mat,source,0.025,11,0.0285467819909565
equal_revolutions,source/12kHz_DE_data/OR/Opposite/0007/OR007@12_1.mat,source,0.05,11,0
equal_revolutions,source/12kHz_DE_data/OR/Opposite/0007/OR007@12_1.mat,source,0.075,11,0.0240918725905625
equal_revolutions,source/12kHz_DE_data/OR/Opposite/0007/OR007@12_2.mat,source,0.025,11,0.00926842103352667
equal_revolutions,source/12kHz_DE_data/OR/Opposite/0007/OR007@12_2.mat,source,0.05,11,0
equal_revolutions,source/12kHz_DE_data/OR/Opposite/0007/OR007@12_2.mat,source,0.075,11,0.0111360479563609
equal_revolutions,source/12kHz_DE_data/OR/Opposite/0007/OR007@12_3.mat,source,0.025,11,0.0174641950084562
equal_revolutions,source/12kHz_DE_data/OR/Opposite/0007/OR007@12_3.mat,source,0.05,11,0
equal_revolutions,source/12kHz_DE_data/OR/Opposite/0007/OR007@12_3.mat,source,0.075,11,0.0084301684820164
equal_revolutions,source/12kHz_DE_data/OR/Opposite/0021/OR021@12_0.mat,source,0.025,11,0.0107529525856098
equal_revolutions,source/12kHz_DE_data/OR/Opposite/0021/OR021@12_0.mat,source,0.05,11,0
equal_revolutions,source/12kHz_DE_data/OR/Opposite/0021/OR021@12_0.mat,source,0.075,11,0.0311006554335307
equal_revolutions,source/12kHz_DE_data/OR/Opposite/0021/OR021@12_1.mat,source,0.025,11,0.0133814062085585
equal_revolutions,source/12kHz_DE_data/OR/Opposite/0021/OR021@12_1.mat,source,0.05,11,0
equal_revolutions,source/12kHz_DE_data/OR/Opposite/0021/OR021@12_1.mat,source,0.075,11,0.0299418343200278
equal_revolutions,source/12kHz_DE_data/OR/Opposite/0021/OR021@12_2.mat,source,0.025,11,0.0116816416508365
equal_revolutions,source/12kHz_DE_data/OR/Opposite/0021/OR021@12_2.mat,source,0.05,11,0
equal_revolutions,source/12kHz_DE_data/OR/Opposite/0021/OR021@12_2.mat,source,0.075,11,0.0196048938313953
equal_revolutions,source/12kHz_DE_data/OR/Opposite/0021/OR021@12_3.mat,source,0.025,11,0.289807026796359
equal_revolutions,source/12kHz_DE_data/OR/Opposite/0021/OR021@12_3.mat,source,0.05,11,0
equal_revolutions,source/12kHz_DE_data/OR/Opposite/0021/OR021@12_3.mat,source,0.075,11,0.00967666479733857
equal_revolutions,source/12kHz_DE_data/OR/Orthogonal/0007/OR007@3_0.mat,source,0.025,11,0.0026545583424776
equal_revolutions,source/12kHz_DE_data/OR/Orthogonal/0007/OR007@3_0.mat,source,0.05,11,0
equal_revolutions,source/12kHz_DE_data/OR/Orthogonal/0007/OR007@3_0.mat,source,0.075,11,0.00423303492940116
equal_revolutions,source/12kHz_DE_data/OR/Orthogonal/0007/OR007@3_1.mat,source,0.025,11,0.00638957906507883
equal_revolutions,source/12kHz_DE_data/OR/Orthogonal/0007/OR007@3_1.mat,source,0.05,11,0
equal_revolutions,source/12kHz_DE_data/OR/Orthogonal/0007/OR007@3_1.mat,source,0.075,11,0.00341766163936155
equal_revolutions,source/12kHz_DE_data/OR/Orthogonal/0007/OR007@3_2.mat,source,0.025,11,0.00237384845279356
equal_revolutions,source/12kHz_DE_data/OR/Orthogonal/0007/OR007@3_2.mat,source,0.05,11,0
equal_revolutions,source/12kHz_DE_data/OR/Orthogonal/0007/OR007@3_2.mat,source,0.075,11,0.00254329833825164
equal_revolutions,source/12kHz_DE_data/OR/Orthogonal/0007/OR007@3_3.mat,source,0.025,11,0.00260545394700153
equal_revolutions,source/12kHz_DE_data/OR/Orthogonal/0007/OR007@3_3.mat,source,0.05,11,0
equal_revolutions,source/12kHz_DE_data/OR/Orthogonal/0007/OR007@3_3.mat,source,0.075,11,0.00217526663693851
equal_revolutions,source/12kHz_DE_data/OR/Orthogonal/0021/OR021@3_0.mat,source,0.025,11,0.0272764720929689
equal_revolutions,source/12kHz_DE_data/OR/Orthogonal/0021/OR021@3_0.mat,source,0.05,11,0
equal_revolutions,source/12kHz_DE_data/OR/Orthogonal/0021/OR021@3_0.mat,source,0.075,11,0.0521310018471755
equal_revolutions,source/12kHz_DE_data/OR/Orthogonal/0021/OR021@3_1.mat,source,0.025,11,0.0534689877113334
equal_revolutions,source/12kHz_DE_data/OR/Orthogonal/0021/OR021@3_1.mat,source,0.05,11,0
equal_revolutions,source/12kHz_DE_data/OR/Orthogonal/0021/OR021@3_1.mat,source,0.075,11,0.00925732112029649
equal_revolutions,source/12kHz_DE_data/OR/Orthogonal/0021/OR021@3_2.mat,source,0.025,11,0.00720708344376202
equal_revolutions,source/12kHz_DE_data/OR/Orthogonal/0021/OR021@3_2.mat,source,0.05,11,0
equal_revolutions,source/12kHz_DE_data/OR/Orthogonal/0021/OR021@3_2.mat,source,0.075,11,0.0182855641921314
equal_revolutions,source/12kHz_DE_data/OR/Orthogonal/0021/OR021@3_3.mat,source,0.025,11,0.0173092910071893
equal_revolutions,source/12kHz_DE_data/OR/Orthogonal/0021/OR021@3_3.mat,source,0.05,11,0
equal_revolutions,source/12kHz_DE_data/OR/Orthogonal/0021/OR021@3_3.mat,source,0.075,11,0.0199645607399426
equal_revolutions,source/48kHz_DE_data/B/0007/B007_0.mat,source,0.025,5,0.0323768309642902
equal_revolutions,source/48kHz_DE_data/B/0007/B007_0.mat,source,0.05,5,0
equal_revolutions,source/48kHz_DE_data/B/0007/B007_0.mat,source,0.075,5,0.0215843137155423
equal_revolutions,source/48kHz_DE_data/B/0007/B007_1.mat,source,0.025,5,0.0137497264910434
equal_revolutions,source/48kHz_DE_data/B/0007/B007_1.mat,source,0.05,5,0
equal_revolutions,source/48kHz_DE_data/B/0007/B007_1.mat,source,0.075,5,0.0179017706847282
equal_revolutions,source/48kHz_DE_data/B/0007/B007_2.mat,source,0.025,5,0.0688472157915899
equal_revolutions,source/48kHz_DE_data/B/0007/B007_2.mat,source,0.05,5,0
equal_revolutions,source/48kHz_DE_data/B/0007/B007_2.mat,source,0.075,5,0.0239221607887078
equal_revolutions,source/48kHz_DE_data/B/0007/B007_3.mat,source,0.025,5,0.0168224674181376
equal_revolutions,source/48kHz_DE_data/B/0007/B007_3.mat,source,0.05,5,0
equal_revolutions,source/48kHz_DE_data/B/0007/B007_3.mat,source,0.075,5,0.0105856755960755
equal_revolutions,source/48kHz_DE_data/B/0014/B014_0.mat,source,0.025,5,0.0767937266946595
equal_revolutions,source/48kHz_DE_data/B/0014/B014_0.mat,source,0.05,5,0
equal_revolutions,source/48kHz_DE_data/B/0014/B014_0.mat,source,0.075,5,0.018618812432185
equal_revolutions,source/48kHz_DE_data/B/0014/B014_1.mat,source,0.025,5,0.0516801035910311
equal_revolutions,source/48kHz_DE_data/B/0014/B014_1.mat,source,0.05,5,0
equal_revolutions,source/48kHz_DE_data/B/0014/B014_1.mat,source,0.075,5,0.0617636340646825
equal_revolutions,source/48kHz_DE_data/B/0014/B014_2.mat,source,0.025,5,0.0678810957207652
equal_revolutions,source/48kHz_DE_data/B/0014/B014_2.mat,source,0.05,5,0
equal_revolutions,source/48kHz_DE_data/B/0014/B014_2.mat,source,0.075,5,0.0970271185474325
equal_revolutions,source/48kHz_DE_data/B/0014/B014_3.mat,source,0.025,5,0.0438450480372159
equal_revolutions,source/48kHz_DE_data/B/0014/B014_3.mat,source,0.05,5,0
equal_revolutions,source/48kHz_DE_data/B/0014/B014_3.mat,source,0.075,5,0.0525398936888859
equal_revolutions,source/48kHz_DE_data/B/0021/B021_0.mat,source,0.025,5,0.0102001936429105
equal_revolutions,source/48kHz_DE_data/B/0021/B021_0.mat,source,0.05,5,0
equal_revolutions,source/48kHz_DE_data/B/0021/B021_0.mat,source,0.075,5,0.0534233500857436
equal_revolutions,source/48kHz_DE_data/B/0021/B021_1.mat,source,0.025,5,0.0791671004049239
equal_revolutions,source/48kHz_DE_data/B/0021/B021_1.mat,source,0.05,5,0
equal_revolutions,source/48kHz_DE_data/B/0021/B021_1.mat,source,0.075,5,0.070620094994684
equal_revolutions,source/48kHz_DE_data/B/0021/B021_2.mat,source,0.025,5,0.114104777379124
equal_revolutions,source/48kHz_DE_data/B/0021/B021_2.mat,source,0.05,5,0
equal_revolutions,source/48kHz_DE_data/B/0021/B021_2.mat,source,0.075,5,0.147523183338948
equal_revolutions,source/48kHz_DE_data/B/0021/B021_3.mat,source,0.025,5,0.1483777835448
equal_revolutions,source/48kHz_DE_data/B/0021/B021_3.mat,source,0.05,5,0
equal_revolutions,source/48kHz_DE_data/B/0021/B021_3.mat,source,0.075,5,0.216211710354466
equal_revolutions,source/48kHz_DE_data/IR/0007/IR007_0.mat,source,0.025,5,0.0125633152427717
equal_revolutions,source/48kHz_DE_data/IR/0007/IR007_0.mat,source,0.05,5,0
equal_revolutions,source/48kHz_DE_data/IR/0007/IR007_0.mat,source,0.075,5,0.00409286616821432
equal_revolutions,source/48kHz_DE_data/IR/0007/IR007_1.mat,source,0.025,5,0.0134486648501463
equal_revolutions,source/48kHz_DE_data/IR/0007/IR007_1.mat,source,0.05,5,0
equal_revolutions,source/48kHz_DE_data/IR/0007/IR007_1.mat,source,0.075,5,0.0139546090212953
equal_revolutions,source/48kHz_DE_data/IR/0007/IR007_2.mat,source,0.025,5,0.00458050038158826
equal_revolutions,source/48kHz_DE_data/IR/0007/IR007_2.mat,source,0.05,5,0
equal_revolutions,source/48kHz_DE_data/IR/0007/IR007_2.mat,source,0.075,5,0.00458072666871974
equal_revolutions,source/48kHz_DE_data/IR/0007/IR007_3.mat,source,0.025,5,0.00948662010640115
equal_revolutions,source/48kHz_DE_data/IR/0007/IR007_3.mat,source,0.05,5,0
equal_revolutions,source/48kHz_DE_data/IR/0007/IR007_3.mat,source,0.075,5,0.0219492471508945
equal_revolutions,source/48kHz_DE_data/IR/0014/IR014_0.mat,source,0.025,1,0.0259955056573124
equal_revolutions,source/48kHz_DE_data/IR/0014/IR014_0.mat,source,0.05,1,0
equal_revolutions,source/48kHz_DE_data/IR/0014/IR014_0.mat,source,0.075,1,0.0426954567556857
equal_revolutions,source/48kHz_DE_data/IR/0014/IR014_1.mat,source,0.025,5,0.0153660851719573
equal_revolutions,source/48kHz_DE_data/IR/0014/IR014_1.mat,source,0.05,5,0
equal_revolutions,source/48kHz_DE_data/IR/0014/IR014_1.mat,source,0.075,5,0.0389962970390758
equal_revolutions,source/48kHz_DE_data/IR/0014/IR014_2.mat,source,0.025,5,0.068401891533399
equal_revolutions,source/48kHz_DE_data/IR/0014/IR014_2.mat,source,0.05,5,0
equal_revolutions,source/48kHz_DE_data/IR/0014/IR014_2.mat,source,0.075,5,0.0282847537996632
equal_revolutions,source/48kHz_DE_data/IR/0014/IR014_3.mat,source,0.025,5,0.0296329363998327
equal_revolutions,source/48kHz_DE_data/IR/0014/IR014_3.mat,source,0.05,5,0
equal_revolutions,source/48kHz_DE_data/IR/0014/IR014_3.mat,source,0.075,5,0.0284191617753241
equal_revolutions,source/48kHz_DE_data/IR/0021/IR021_0.mat,source,0.025,5,0.0282657174218357
equal_revolutions,source/48kHz_DE_data/IR/0021/IR021_0.mat,source,0.05,5,0
equal_revolutions,source/48kHz_DE_data/IR/0021/IR021_0.mat,source,0.075,5,0.0126603100349971
equal_revolutions,source/48kHz_DE_data/IR/0021/IR021_1.mat,source,0.025,5,0.0216501534407469
equal_revolutions,source/48kHz_DE_data/IR/0021/IR021_1.mat,source,0.05,5,0
equal_revolutions,source/48kHz_DE_data/IR/0021/IR021_1.mat,source,0.075,5,0.00822581996875304
equal_revolutions,source/48kHz_DE_data/IR/0021/IR021_2.mat,source,0.025,5,0.0111392222556182
equal_revolutions,source/48kHz_DE_data/IR/0021/IR021_2.mat,source,0.05,5,0
equal_revolutions,source/48kHz_DE_data/IR/0021/IR021_2.mat,source,0.075,5,0.00944244207201762
equal_revolutions,source/48kHz_DE_data/IR/0021/IR021_3.mat,source,0.025,5,0.00702300662989857
equal_revolutions,source/48kHz_DE_data/IR/0021/IR021_3.mat,source,0.05,5,0
equal_revolutions,source/48kHz_DE_data/IR/0021/IR021_3.mat,source,0.075,5,0.00757615594527076
equal_revolutions,source/48kHz_DE_data/OR/Centered/0007/OR007@6_0.mat,source,0.025,5,0.00670751192330741
equal_revolutions,source/48kHz_DE_data/OR/Centered/0007/OR007@6_0.mat,source,0.05,5,0
equal_revolutions,source/48kHz_DE_data/OR/Centered/0007/OR007@6_0.mat,source,0.075,5,0.00694135260336387
equal_revolutions,source/48kHz_DE_data/OR/Centered/0007/OR007@6_1.mat,source,0.025,5,0.00508153884599323
equal_revolutions,source/48kHz_DE_data/OR/Centered/0007/OR007@6_1.mat,source,0.05,5,0
equal_revolutions,source/48kHz_DE_data/OR/Centered/0007/OR007@6_1.mat,source,0.075,5,0.00260469095997101
equal_revolutions,source/48kHz_DE_data/OR/Centered/0007/OR007@6_2.mat,source,0.025,5,0.00696925774609463
equal_revolutions,source/48kHz_DE_data/OR/Centered/0007/OR007@6_2.mat,source,0.05,5,0
equal_revolutions,source/48kHz_DE_data/OR/Centered/0007/OR007@6_2.mat,source,0.075,5,0.00615214903671
equal_revolutions,source/48kHz_DE_data/OR/Centered/0007/OR007@6_3.mat,source,0.025,5,0.00655892030567232
equal_revolutions,source/48kHz_DE_data/OR/Centered/0007/OR007@6_3.mat,source,0.05,5,0
equal_revolutions,source/48kHz_DE_data/OR/Centered/0007/OR007@6_3.mat,source,0.075,5,0.00378064602992659
equal_revolutions,source/48kHz_DE_data/OR/Centered/0014/OR014@6_0.mat,source,0.025,5,0.0274313754298274
equal_revolutions,source/48kHz_DE_data/OR/Centered/0014/OR014@6_0.mat,source,0.05,5,0
equal_revolutions,source/48kHz_DE_data/OR/Centered/0014/OR014@6_0.mat,source,0.075,5,0.0348503890810799
equal_revolutions,source/48kHz_DE_data/OR/Centered/0014/OR014@6_1.mat,source,0.025,5,0.0579693086380685
equal_revolutions,source/48kHz_DE_data/OR/Centered/0014/OR014@6_1.mat,source,0.05,5,0
equal_revolutions,source/48kHz_DE_data/OR/Centered/0014/OR014@6_1.mat,source,0.075,5,0.0236977655797445
equal_revolutions,source/48kHz_DE_data/OR/Centered/0014/OR014@6_2.mat,source,0.025,5,0.0707126990705031
equal_revolutions,source/48kHz_DE_data/OR/Centered/0014/OR014@6_2.mat,source,0.05,5,0
equal_revolutions,source/48kHz_DE_data/OR/Centered/0014/OR014@6_2.mat,source,0.075,5,0.0235788682871933
equal_revolutions,source/48kHz_DE_data/OR/Centered/0014/OR014@6_3.mat,source,0.025,5,0.0175038191678291
equal_revolutions,source/48kHz_DE_data/OR/Centered/0014/OR014@6_3.mat,source,0.05,5,0
equal_revolutions,source/48kHz_DE_data/OR/Centered/0014/OR014@6_3.mat,source,0.075,5,0.026974221728532
equal_revolutions,source/48kHz_DE_data/OR/Centered/0021/OR021@6_0.mat,source,0.025,5,0.00885595577300212
equal_revolutions,source/48kHz_DE_data/OR/Centered/0021/OR021@6_0.mat,source,0.05,5,0
equal_revolutions,source/48kHz_DE_data/OR/Centered/0021/OR021@6_0.mat,source,0.075,5,0.0699676207711648
equal_revolutions,source/48kHz_DE_data/OR/Centered/0021/OR021@6_1.mat,source,0.025,5,0.0484355647881586
equal_revolutions,source/48kHz_DE_data/OR/Centered/0021/OR021@6_1.mat,source,0.05,5,0
equal_revolutions,source/48kHz_DE_data/OR/Centered/0021/OR021@6_1.mat,source,0.075,5,0.0197687217678362
equal_revolutions,source/48kHz_DE_data/OR/Centered/0021/OR021@6_2.mat,source,0.025,5,0.0258083716256002
equal_revolutions,source/48kHz_DE_data/OR/Centered/0021/OR021@6_2.mat,source,0.05,5,0
equal_revolutions,source/48kHz_DE_data/OR/Centered/0021/OR021@6_2.mat,source,0.075,5,0.257019667579726
equal_revolutions,source/48kHz_DE_data/OR/Centered/0021/OR021@6_3.mat,source,0.025,5,0.0406405229287878
equal_revolutions,source/48kHz_DE_data/OR/Centered/0021/OR021@6_3.mat,source,0.05,5,0
equal_revolutions,source/48kHz_DE_data/OR/Centered/0021/OR021@6_3.mat,source,0.075,5,0.0328185899081913
equal_revolutions,source/48kHz_DE_data/OR/Opposite/0007/OR007@12_0.mat,source,0.025,3,0.0235951845840319
equal_revolutions,source/48kHz_DE_data/OR/Opposite/0007/OR007@12_0.mat,source,0.05,3,0
equal_revolutions,source/48kHz_DE_data/OR/Opposite/0007/OR007@12_0.mat,source,0.075,3,0.0246060014931589
equal_revolutions,source/48kHz_DE_data/OR/Opposite/0007/OR007@12_1.mat,source,0.025,5,0.0202949334183878
equal_revolutions,source/48kHz_DE_data/OR/Opposite/0007/OR007@12_1.mat,source,0.05,5,0
equal_revolutions,source/48kHz_DE_data/OR/Opposite/0007/OR007@12_1.mat,source,0.075,5,0.00963280691778589
equal_revolutions,source/48kHz_DE_data/OR/Opposite/0007/OR007@12_2.mat,source,0.025,5,0.00839859717216995
equal_revolutions,source/48kHz_DE_data/OR/Opposite/0007/OR007@12_2.mat,source,0.05,5,0
equal_revolutions,source/48kHz_DE_data/OR/Opposite/0007/OR007@12_2.mat,source,0.075,5,0.0059711202935584
equal_revolutions,source/48kHz_DE_data/OR/Opposite/0007/OR007@12_3.mat,source,0.025,5,0.0124114196145392
equal_revolutions,source/48kHz_DE_data/OR/Opposite/0007/OR007@12_3.mat,source,0.05,5,0
equal_revolutions,source/48kHz_DE_data/OR/Opposite/0007/OR007@12_3.mat,source,0.075,5,0.0156029411999544
equal_revolutions,source/48kHz_DE_data/OR/Opposite/0021/OR021@12_0.mat,source,0.025,3,0.00817740182455248
equal_revolutions,source/48kHz_DE_data/OR/Opposite/0021/OR021@12_0.mat,source,0.05,3,0
equal_revolutions,source/48kHz_DE_data/OR/Opposite/0021/OR021@12_0.mat,source,0.075,3,0.0182830081913441
equal_revolutions,source/48kHz_DE_data/OR/Opposite/0021/OR021@12_1.mat,source,0.025,5,0.00905144247050407
equal_revolutions,source/48kHz_DE_data/OR/Opposite/0021/OR021@12_1.mat,source,0.05,5,0
equal_revolutions,source/48kHz_DE_data/OR/Opposite/0021/OR021@12_1.mat,source,0.075,5,0.0536427302828646
equal_revolutions,source/48kHz_DE_data/OR/Opposite/0021/OR021@12_2.mat,source,0.025,5,0.0096208086119899
equal_revolutions,source/48kHz_DE_data/OR/Opposite/0021/OR021@12_2.mat,source,0.05,5,0
equal_revolutions,source/48kHz_DE_data/OR/Opposite/0021/OR021@12_2.mat,source,0.075,5,0.0206769160623376
equal_revolutions,source/48kHz_DE_data/OR/Opposite/0021/OR021@12_3.mat,source,0.025,5,0.0351737771009631
equal_revolutions,source/48kHz_DE_data/OR/Opposite/0021/OR021@12_3.mat,source,0.05,5,0
equal_revolutions,source/48kHz_DE_data/OR/Opposite/0021/OR021@12_3.mat,source,0.075,5,0.00699345163978225
equal_revolutions,source/48kHz_DE_data/OR/Orthogonal/0007/OR007@3_0.mat,source,0.025,3,0.00466781762396231
equal_revolutions,source/48kHz_DE_data/OR/Orthogonal/0007/OR007@3_0.mat,source,0.05,3,0
equal_revolutions,source/48kHz_DE_data/OR/Orthogonal/0007/OR007@3_0.mat,source,0.075,3,0.00380446754524827
equal_revolutions,source/48kHz_DE_data/OR/Orthogonal/0007/OR007@3_1.mat,source,0.025,5,0.00295277438554759
equal_revolutions,source/48kHz_DE_data/OR/Orthogonal/0007/OR007@3_1.mat,source,0.05,5,0
equal_revolutions,source/48kHz_DE_data/OR/Orthogonal/0007/OR007@3_1.mat,source,0.075,5,0.00908779124100133
equal_revolutions,source/48kHz_DE_data/OR/Orthogonal/0007/OR007@3_2.mat,source,0.025,5,0.00179776891819533
equal_revolutions,source/48kHz_DE_data/OR/Orthogonal/0007/OR007@3_2.mat,source,0.05,5,0
equal_revolutions,source/48kHz_DE_data/OR/Orthogonal/0007/OR007@3_2.mat,source,0.075,5,0.00283361304061318
equal_revolutions,source/48kHz_DE_data/OR/Orthogonal/0007/OR007@3_3.mat,source,0.025,5,0.00368726853418808
equal_revolutions,source/48kHz_DE_data/OR/Orthogonal/0007/OR007@3_3.mat,source,0.05,5,0
equal_revolutions,source/48kHz_DE_data/OR/Orthogonal/0007/OR007@3_3.mat,source,0.075,5,0.00618235508952001
equal_revolutions,source/48kHz_DE_data/OR/Orthogonal/0021/OR021@3_0.mat,source,0.025,3,0.0314112498992909
equal_revolutions,source/48kHz_DE_data/OR/Orthogonal/0021/OR021@3_0.mat,source,0.05,3,0
equal_revolutions,source/48kHz_DE_data/OR/Orthogonal/0021/OR021@3_0.mat,source,0.075,3,0.018119521606082
equal_revolutions,source/48kHz_DE_data/OR/Orthogonal/0021/OR021@3_1.mat,source,0.025,5,0.0206792294301833
equal_revolutions,source/48kHz_DE_data/OR/Orthogonal/0021/OR021@3_1.mat,source,0.05,5,0
equal_revolutions,source/48kHz_DE_data/OR/Orthogonal/0021/OR021@3_1.mat,source,0.075,5,0.0105152762294305
equal_revolutions,source/48kHz_DE_data/OR/Orthogonal/0021/OR021@3_2.mat,source,0.025,5,0.0226992652889638
equal_revolutions,source/48kHz_DE_data/OR/Orthogonal/0021/OR021@3_2.mat,source,0.05,5,0
equal_revolutions,source/48kHz_DE_data/OR/Orthogonal/0021/OR021@3_2.mat,source,0.075,5,0.0238895335220424
equal_revolutions,source/48kHz_DE_data/OR/Orthogonal/0021/OR021@3_3.mat,source,0.025,5,0.0099825886379161
equal_revolutions,source/48kHz_DE_data/OR/Orthogonal/0021/OR021@3_3.mat,source,0.05,5,0
equal_revolutions,source/48kHz_DE_data/OR/Orthogonal/0021/OR021@3_3.mat,source,0.075,5,0.0055957015154501
equal_revolutions,source/48kHz_Normal_data/N_0.mat,source,0.025,7,0.0223514193991037
equal_revolutions,source/48kHz_Normal_data/N_0.mat,source,0.05,7,0
equal_revolutions,source/48kHz_Normal_data/N_0.mat,source,0.075,7,0.0207485284918942
equal_revolutions,source/48kHz_Normal_data/N_1_(1772rpm).mat,source,0.025,11,0.0275835384495989
equal_revolutions,source/48kHz_Normal_data/N_1_(1772rpm).mat,source,0.05,11,0
equal_revolutions,source/48kHz_Normal_data/N_1_(1772rpm).mat,source,0.075,11,0.0340866041974318
equal_revolutions,source/48kHz_Normal_data/N_2_(1750rpm).mat,source,0.025,11,0.0741632251873949
equal_revolutions,source/48kHz_Normal_data/N_2_(1750rpm).mat,source,0.05,11,0
equal_revolutions,source/48kHz_Normal_data/N_2_(1750rpm).mat,source,0.075,11,0.0320205607524936
equal_revolutions,source/48kHz_Normal_data/N_3.mat,source,0.025,11,0.0154965489990501
equal_revolutions,source/48kHz_Normal_data/N_3.mat,source,0.05,11,0
equal_revolutions,source/48kHz_Normal_data/N_3.mat,source,0.075,11,0.0183003184942388
equal_revolutions,target/A.mat,target,0.025,3,0.109470721016969
equal_revolutions,target/A.mat,target,0.05,3,0
equal_revolutions,target/A.mat,target,0.075,3,0.0274408926913666
equal_revolutions,target/B.mat,target,0.025,3,0.189181764927241
equal_revolutions,target/B.mat,target,0.05,3,0
equal_revolutions,target/B.mat,target,0.075,3,0.0120238371462678
equal_revolutions,target/C.mat,target,0.025,3,0.0209591123987025
equal_revolutions,target/C.mat,target,0.05,3,0
equal_revolutions,target/C.mat,target,0.075,3,0.0266104260147861
equal_revolutions,target/D.mat,target,0.025,3,0.0114647956642457
equal_revolutions,target/D.mat,target,0.05,3,0
equal_revolutions,target/D.mat,target,0.075,3,0.0130315553648882
equal_revolutions,target/E.mat,target,0.025,3,0.00469905599500501
equal_revolutions,target/E.mat,target,0.05,3,0
equal_revolutions,target/E.mat,target,0.075,3,0.0341072439472273
equal_revolutions,target/F.mat,target,0.025,3,0.0120305924210546
equal_revolutions,target/F.mat,target,0.05,3,0
equal_revolutions,target/F.mat,target,0.075,3,0.0105332010963185
equal_revolutions,target/G.mat,target,0.025,3,0.0108871898073284
equal_revolutions,target/G.mat,target,0.05,3,0
equal_revolutions,target/G.mat,target,0.075,3,0.0147495482146661
equal_revolutions,target/H.mat,target,0.025,3,0.0204036739414677
equal_revolutions,target/H.mat,target,0.05,3,0
equal_revolutions,target/H.mat,target,0.075,3,0.0126357571417325
equal_revolutions,target/I.mat,target,0.025,3,0.0141330479618605
equal_revolutions,target/I.mat,target,0.05,3,0
equal_revolutions,target/I.mat,target,0.075,3,0.0132869902962383
equal_revolutions,target/J.mat,target,0.025,3,0.0150431242737817
equal_revolutions,target/J.mat,target,0.05,3,0
equal_revolutions,target/J.mat,target,0.075,3,0.00495537130253464
equal_revolutions,target/K.mat,target,0.025,3,0.0104282756765308
equal_revolutions,target/K.mat,target,0.05,3,0
equal_revolutions,target/K.mat,target,0.075,3,0.00929556775433331
equal_revolutions,target/L.mat,target,0.025,3,0.0157640124301044
equal_revolutions,target/L.mat,target,0.05,3,0
equal_revolutions,target/L.mat,target,0.075,3,0.0154335020354319
equal_revolutions,target/M.mat,target,0.025,3,0.0119366570855365
equal_revolutions,target/M.mat,target,0.05,3,0
equal_revolutions,target/M.mat,target,0.075,3,0.0120944957232742
equal_revolutions,target/N.mat,target,0.025,3,0.00888443546583286
equal_revolutions,target/N.mat,target,0.05,3,0
equal_revolutions,target/N.mat,target,0.075,3,0.0747285291200187
equal_revolutions,target/O.mat,target,0.025,3,0.0120966783093104
equal_revolutions,target/O.mat,target,0.05,3,0
equal_revolutions,target/O.mat,target,0.075,3,0.0250382174231548
equal_revolutions,target/P.mat,target,0.025,3,0.00903750392611007
equal_revolutions,target/P.mat,target,0.05,3,0
equal_revolutions,target/P.mat,target,0.075,3,0.0113069562163518
one_second,source/12kHz_DE_data/B/0007/B007_0.mat,source,0.025,7,0.00969747009962066
one_second,source/12kHz_DE_data/B/0007/B007_0.mat,source,0.05,7,0
one_second,source/12kHz_DE_data/B/0007/B007_0.mat,source,0.075,7,0.0086630965464186
one_second,source/12kHz_DE_data/B/0007/B007_1.mat,source,0.025,7,0.0401755434654592
one_second,source/12kHz_DE_data/B/0007/B007_1.mat,source,0.05,7,0
one_second,source/12kHz_DE_data/B/0007/B007_1.mat,source,0.075,7,0.0116472594667131
one_second,source/12kHz_DE_data/B/0007/B007_2.mat,source,0.025,7,0.0125078375701074
one_second,source/12kHz_DE_data/B/0007/B007_2.mat,source,0.05,7,0
one_second,source/12kHz_DE_data/B/0007/B007_2.mat,source,0.075,7,0.016367657181696
one_second,source/12kHz_DE_data/B/0007/B007_3.mat,source,0.025,7,0.0105644975859978
one_second,source/12kHz_DE_data/B/0007/B007_3.mat,source,0.05,7,0
one_second,source/12kHz_DE_data/B/0007/B007_3.mat,source,0.075,7,0.0179418721389327
one_second,source/12kHz_DE_data/B/0014/B014_0.mat,source,0.025,7,0.0884387780959594
one_second,source/12kHz_DE_data/B/0014/B014_0.mat,source,0.05,7,0
one_second,source/12kHz_DE_data/B/0014/B014_0.mat,source,0.075,7,0.0280799895422489
one_second,source/12kHz_DE_data/B/0014/B014_1.mat,source,0.025,7,0.0213194935454414
one_second,source/12kHz_DE_data/B/0014/B014_1.mat,source,0.05,7,0
one_second,source/12kHz_DE_data/B/0014/B014_1.mat,source,0.075,7,0.0389876110024652
one_second,source/12kHz_DE_data/B/0014/B014_2.mat,source,0.025,7,0.20583794991895
one_second,source/12kHz_DE_data/B/0014/B014_2.mat,source,0.05,7,0
one_second,source/12kHz_DE_data/B/0014/B014_2.mat,source,0.075,7,0.0989239636437519
one_second,source/12kHz_DE_data/B/0014/B014_3.mat,source,0.025,7,0.0282821734195552
one_second,source/12kHz_DE_data/B/0014/B014_3.mat,source,0.05,7,0
one_second,source/12kHz_DE_data/B/0014/B014_3.mat,source,0.075,7,0.077422835474896
one_second,source/12kHz_DE_data/B/0021/B021_0.mat,source,0.025,7,0.0348746147136115
one_second,source/12kHz_DE_data/B/0021/B021_0.mat,source,0.05,7,0
one_second,source/12kHz_DE_data/B/0021/B021_0.mat,source,0.075,7,0.0423852735981024
one_second,source/12kHz_DE_data/B/0021/B021_1.mat,source,0.025,7,0.163742058411576
one_second,source/12kHz_DE_data/B/0021/B021_1.mat,source,0.05,7,0
one_second,source/12kHz_DE_data/B/0021/B021_1.mat,source,0.075,7,0.0206449318725305
one_second,source/12kHz_DE_data/B/0021/B021_2.mat,source,0.025,7,0.0121482652518965
one_second,source/12kHz_DE_data/B/0021/B021_2.mat,source,0.05,7,0
one_second,source/12kHz_DE_data/B/0021/B021_2.mat,source,0.075,7,0.0219465463136752
one_second,source/12kHz_DE_data/B/0021/B021_3.mat,source,0.025,7,0.0165942688499213
one_second,source/12kHz_DE_data/B/0021/B021_3.mat,source,0.05,7,0
one_second,source/12kHz_DE_data/B/0021/B021_3.mat,source,0.075,7,0.0195334511996261
one_second,source/12kHz_DE_data/B/0028/B028_0_(1797rpm).mat,source,0.025,7,0.00654833919643211
one_second,source/12kHz_DE_data/B/0028/B028_0_(1797rpm).mat,source,0.05,7,0
one_second,source/12kHz_DE_data/B/0028/B028_0_(1797rpm).mat,source,0.075,7,0.0111849578030418
one_second,source/12kHz_DE_data/B/0028/B028_1_(1772rpm).mat,source,0.025,7,0.0334618147339668
one_second,source/12kHz_DE_data/B/0028/B028_1_(1772rpm).mat,source,0.05,7,0
one_second,source/12kHz_DE_data/B/0028/B028_1_(1772rpm).mat,source,0.075,7,0.0145677925219907
one_second,source/12kHz_DE_data/B/0028/B028_2_(1750rpm).mat,source,0.025,7,0.026245693449821
one_second,source/12kHz_DE_data/B/0028/B028_2_(1750rpm).mat,source,0.05,7,0
one_second,source/12kHz_DE_data/B/0028/B028_2_(1750rpm).mat,source,0.075,7,0.0264771176551411
one_second,source/12kHz_DE_data/B/0028/B028_3_(1730rpm).mat,source,0.025,7,0.01792649024501
one_second,source/12kHz_DE_data/B/0028/B028_3_(1730rpm).mat,source,0.05,7,0
one_second,source/12kHz_DE_data/B/0028/B028_3_(1730rpm).mat,source,0.075,7,0.0126535442122755
one_second,source/12kHz_DE_data/IR/0007/IR007_0.mat,source,0.025,7,0.00555935725891856
one_second,source/12kHz_DE_data/IR/0007/IR007_0.mat,source,0.05,7,0
one_second,source/12kHz_DE_data/IR/0007/IR007_0.mat,source,0.075,7,0.00789879444874245
one_second,source/12kHz_DE_data/IR/0007/IR007_1.mat,source,0.025,7,0.0193920659646161
one_second,source/12kHz_DE_data/IR/0007/IR007_1.mat,source,0.05,7,0
one_second,source/12kHz_DE_data/IR/0007/IR007_1.mat,source,0.075,7,0.0104454252409347
one_second,source/12kHz_DE_data/IR/0007/IR007_2.mat,source,0.025,7,0.0114915318343239
one_second,source/12kHz_DE_data/IR/0007/IR007_2.mat,source,0.05,7,0
one_second,source/12kHz_DE_data/IR/0007/IR007_2.mat,source,0.075,7,0.00645444910734335
one_second,source/12kHz_DE_data/IR/0007/IR007_3.mat,source,0.025,7,0.011274707574427
one_second,source/12kHz_DE_data/IR/0007/IR007_3.mat,source,0.05,7,0
one_second,source/12kHz_DE_data/IR/0007/IR007_3.mat,source,0.075,7,0.00545967126263163
one_second,source/12kHz_DE_data/IR/0014/IR014_0.mat,source,0.025,7,0.0466461106273168
one_second,source/12kHz_DE_data/IR/0014/IR014_0.mat,source,0.05,7,0
one_second,source/12kHz_DE_data/IR/0014/IR014_0.mat,source,0.075,7,0.0243340431320027
one_second,source/12kHz_DE_data/IR/0014/IR014_1.mat,source,0.025,7,0.0198248023580923
one_second,source/12kHz_DE_data/IR/0014/IR014_1.mat,source,0.05,7,0
one_second,source/12kHz_DE_data/IR/0014/IR014_1.mat,source,0.075,7,0.0170799661641241
one_second,source/12kHz_DE_data/IR/0014/IR014_2.mat,source,0.025,7,0.0262579852140194
one_second,source/12kHz_DE_data/IR/0014/IR014_2.mat,source,0.05,7,0
one_second,source/12kHz_DE_data/IR/0014/IR014_2.mat,source,0.075,7,0.0794219081036242
one_second,source/12kHz_DE_data/IR/0014/IR014_3.mat,source,0.025,7,0.0274409939662454
one_second,source/12kHz_DE_data/IR/0014/IR014_3.mat,source,0.05,7,0
one_second,source/12kHz_DE_data/IR/0014/IR014_3.mat,source,0.075,7,0.0220026154402193
one_second,source/12kHz_DE_data/IR/0021/IR021_0.mat,source,0.025,7,0.0160188231837311
one_second,source/12kHz_DE_data/IR/0021/IR021_0.mat,source,0.05,7,0
one_second,source/12kHz_DE_data/IR/0021/IR021_0.mat,source,0.075,7,0.0125075470857508
one_second,source/12kHz_DE_data/IR/0021/IR021_1.mat,source,0.025,7,0.00991456523413574
one_second,source/12kHz_DE_data/IR/0021/IR021_1.mat,source,0.05,7,0
one_second,source/12kHz_DE_data/IR/0021/IR021_1.mat,source,0.075,7,0.0179958160745737
one_second,source/12kHz_DE_data/IR/0021/IR021_2.mat,source,0.025,7,0.0169155180306958
one_second,source/12kHz_DE_data/IR/0021/IR021_2.mat,source,0.05,7,0
one_second,source/12kHz_DE_data/IR/0021/IR021_2.mat,source,0.075,7,0.00732945033755181
one_second,source/12kHz_DE_data/IR/0021/IR021_3.mat,source,0.025,7,0.0255996099330275
one_second,source/12kHz_DE_data/IR/0021/IR021_3.mat,source,0.05,7,0
one_second,source/12kHz_DE_data/IR/0021/IR021_3.mat,source,0.075,7,0.00661712053573159
one_second,source/12kHz_DE_data/IR/0028/IR028_0_(1797rpm).mat,source,0.025,7,0.00997425504839456
one_second,source/12kHz_DE_data/IR/0028/IR028_0_(1797rpm).mat,source,0.05,7,0
one_second,source/12kHz_DE_data/IR/0028/IR028_0_(1797rpm).mat,source,0.075,7,0.00818555455104989
one_second,source/12kHz_DE_data/IR/0028/IR028_1_(1772rpm).mat,source,0.025,7,0.0280643269817588
one_second,source/12kHz_DE_data/IR/0028/IR028_1_(1772rpm).mat,source,0.05,7,0
one_second,source/12kHz_DE_data/IR/0028/IR028_1_(1772rpm).mat,source,0.075,7,0.030132447119106
one_second,source/12kHz_DE_data/IR/0028/IR028_2_(1750rpm).mat,source,0.025,7,0.0232933396600026
one_second,source/12kHz_DE_data/IR/0028/IR028_2_(1750rpm).mat,source,0.05,7,0
one_second,source/12kHz_DE_data/IR/0028/IR028_2_(1750rpm).mat,source,0.075,7,0.0273225487763888
one_second,source/12kHz_DE_data/IR/0028/IR028_3_(1730rpm).mat,source,0.025,7,0.0226019701787611
one_second,source/12kHz_DE_data/IR/0028/IR028_3_(1730rpm).mat,source,0.05,7,0
one_second,source/12kHz_DE_data/IR/0028/IR028_3_(1730rpm).mat,source,0.075,7,0.014807908443966
one_second,source/12kHz_DE_data/OR/Centered/0007/OR007@6_0.mat,source,0.025,7,0.00710926024581671
one_second,source/12kHz_DE_data/OR/Centered/0007/OR007@6_0.mat,source,0.05,7,0
one_second,source/12kHz_DE_data/OR/Centered/0007/OR007@6_0.mat,source,0.075,7,0.0141220866007925
one_second,source/12kHz_DE_data/OR/Centered/0007/OR007@6_1.mat,source,0.025,7,0.00664734366023131
one_second,source/12kHz_DE_data/OR/Centered/0007/OR007@6_1.mat,source,0.05,7,0
one_second,source/12kHz_DE_data/OR/Centered/0007/OR007@6_1.mat,source,0.075,7,0.00357555503718689
one_second,source/12kHz_DE_data/OR/Centered/0007/OR007@6_2.mat,source,0.025,7,0.00367138423865908
one_second,source/12kHz_DE_data/OR/Centered/0007/OR007@6_2.mat,source,0.05,7,0
one_second,source/12kHz_DE_data/OR/Centered/0007/OR007@6_2.mat,source,0.075,7,0.00357341342441625
one_second,source/12kHz_DE_data/OR/Centered/0007/OR007@6_3.mat,source,0.025,7,0.00246795654377643
one_second,source/12kHz_DE_data/OR/Centered/0007/OR007@6_3.mat,source,0.05,7,0
one_second,source/12kHz_DE_data/OR/Centered/0007/OR007@6_3.mat,source,0.075,7,0.00606812024868256
one_second,source/12kHz_DE_data/OR/Centered/0014/OR014@6_0.mat,source,0.025,7,0.014976380104385
one_second,source/12kHz_DE_data/OR/Centered/0014/OR014@6_0.mat,source,0.05,7,0
one_second,source/12kHz_DE_data/OR/Centered/0014/OR014@6_0.mat,source,0.075,7,0.0121045383096897
one_second,source/12kHz_DE_data/OR/Centered/0014/OR014@6_1.mat,source,0.025,7,0.0122283176674093
one_second,source/12kHz_DE_data/OR/Centered/0014/OR014@6_1.mat,source,0.05,7,0
one_second,source/12kHz_DE_data/OR/Centered/0014/OR014@6_1.mat,source,0.075,7,0.0154452476997726
one_second,source/12kHz_DE_data/OR/Centered/0014/OR014@6_2.mat,source,0.025,7,0.00521368551235011
one_second,source/12kHz_DE_data/OR/Centered/0014/OR014@6_2.mat,source,0.05,7,0
one_second,source/12kHz_DE_data/OR/Centered/0014/OR014@6_2.mat,source,0.075,7,0.00350787856892865
one_second,source/12kHz_DE_data/OR/Centered/0014/OR014@6_3.mat,source,0.025,7,0.0198094880877883
one_second,source/12kHz_DE_data/OR/Centered/0014/OR014@6_3.mat,source,0.05,7,0
one_second,source/12kHz_DE_data/OR/Centered/0014/OR014@6_3.mat,source,0.075,7,0.0258420262347436
one_second,source/12kHz_DE_data/OR/Centered/0021/OR021@6_0.mat,source,0.025,7,0.0676058347463481
one_second,source/12kHz_DE_data/OR/Centered/0021/OR021@6_0.mat,source,0.05,7,0
one_second,source/12kHz_DE_data/OR/Centered/0021/OR021@6_0.mat,source,0.075,7,0.0162089764859599
one_second,source/12kHz_DE_data/OR/Centered/0021/OR021@6_1.mat,source,0.025,7,0.0264335970195154
one_second,source/12kHz_DE_data/OR/Centered/0021/OR021@6_1.mat,source,0.05,7,0
one_second,source/12kHz_DE_data/OR/Centered/0021/OR021@6_1.mat,source,0.075,7,0.0415531320492305
one_second,source/12kHz_DE_data/OR/Centered/0021/OR021@6_2.mat,source,0.025,7,0.0450893329527566
one_second,source/12kHz_DE_data/OR/Centered/0021/OR021@6_2.mat,source,0.05,7,0
one_second,source/12kHz_DE_data/OR/Centered/0021/OR021@6_2.mat,source,0.075,7,0.0676698712527239
one_second,source/12kHz_DE_data/OR/Centered/0021/OR021@6_3.mat,source,0.025,7,0.0348950111586547
one_second,source/12kHz_DE_data/OR/Centered/0021/OR021@6_3.mat,source,0.05,7,0
one_second,source/12kHz_DE_data/OR/Centered/0021/OR021@6_3.mat,source,0.075,7,0.0639630683902695
one_second,source/12kHz_DE_data/OR/Opposite/0007/OR007@12_0.mat,source,0.025,7,0.01590951371906
one_second,source/12kHz_DE_data/OR/Opposite/0007/OR007@12_0.mat,source,0.05,7,0
one_second,source/12kHz_DE_data/OR/Opposite/0007/OR007@12_0.mat,source,0.075,7,0.0172769736768831
one_second,source/12kHz_DE_data/OR/Opposite/0007/OR007@12_1.mat,source,0.025,7,0.022779488852775
one_second,source/12kHz_DE_data/OR/Opposite/0007/OR007@12_1.mat,source,0.05,7,0
one_second,source/12kHz_DE_data/OR/Opposite/0007/OR007@12_1.mat,source,0.075,7,0.0211339128469444
one_second,source/12kHz_DE_data/OR/Opposite/0007/OR007@12_2.mat,source,0.025,7,0.00717654568255423
one_second,source/12kHz_DE_data/OR/Opposite/0007/OR007@12_2.mat,source,0.05,7,0
one_second,source/12kHz_DE_data/OR/Opposite/0007/OR007@12_2.mat,source,0.075,7,0.00424810395103507
one_second,source/12kHz_DE_data/OR/Opposite/0007/OR007@12_3.mat,source,0.025,7,0.00849701334400744
one_second,source/12kHz_DE_data/OR/Opposite/0007/OR007@12_3.mat,source,0.05,7,0
one_second,source/12kHz_DE_data/OR/Opposite/0007/OR007@12_3.mat,source,0.075,7,0.0106014017592516
one_second,source/12kHz_DE_data/OR/Opposite/0021/OR021@12_0.mat,source,0.025,7,0.0433525794965525
one_second,source/12kHz_DE_data/OR/Opposite/0021/OR021@12_0.mat,source,0.05,7,0
one_second,source/12kHz_DE_data/OR/Opposite/0021/OR021@12_0.mat,source,0.075,7,0.078262273579772
one_second,source/12kHz_DE_data/OR/Opposite/0021/OR021@12_1.mat,source,0.025,7,0.0643953102869678
one_second,source/12kHz_DE_data/OR/Opposite/0021/OR021@12_1.mat,source,0.05,7,0
one_second,source/12kHz_DE_data/OR/Opposite/0021/OR021@12_1.mat,source,0.075,7,0.00920938711136234
one_second,source/12kHz_DE_data/OR/Opposite/0021/OR021@12_2.mat,source,0.025,7,0.0280330089057784
one_second,source/12kHz_DE_data/OR/Opposite/0021/OR021@12_2.mat,source,0.05,7,0
one_second,source/12kHz_DE_data/OR/Opposite/0021/OR021@12_2.mat,source,0.075,7,0.0241601199501166
one_second,source/12kHz_DE_data/OR/Opposite/0021/OR021@12_3.mat,source,0.025,7,0.0357548793907003
one_second,source/12kHz_DE_data/OR/Opposite/0021/OR021@12_3.mat,source,0.05,7,0
one_second,source/12kHz_DE_data/OR/Opposite/0021/OR021@12_3.mat,source,0.075,7,0.0171035752147662
one_second,source/12kHz_DE_data/OR/Orthogonal/0007/OR007@3_0.mat,source,0.025,7,0.00366816566571858
one_second,source/12kHz_DE_data/OR/Orthogonal/0007/OR007@3_0.mat,source,0.05,7,0
one_second,source/12kHz_DE_data/OR/Orthogonal/0007/OR007@3_0.mat,source,0.075,7,0.0123705706438359
one_second,source/12kHz_DE_data/OR/Orthogonal/0007/OR007@3_1.mat,source,0.025,7,0.00291932864438401
one_second,source/12kHz_DE_data/OR/Orthogonal/0007/OR007@3_1.mat,source,0.05,7,0
one_second,source/12kHz_DE_data/OR/Orthogonal/0007/OR007@3_1.mat,source,0.075,7,0.00321747989129703
one_second,source/12kHz_DE_data/OR/Orthogonal/0007/OR007@3_2.mat,source,0.025,7,0.00241190256972214
one_second,source/12kHz_DE_data/OR/Orthogonal/0007/OR007@3_2.mat,source,0.05,7,0
one_second,source/12kHz_DE_data/OR/Orthogonal/0007/OR007@3_2.mat,source,0.075,7,0.00331017557739073
one_second,source/12kHz_DE_data/OR/Orthogonal/0007/OR007@3_3.mat,source,0.025,7,0.00450316085117343
one_second,source/12kHz_DE_data/OR/Orthogonal/0007/OR007@3_3.mat,source,0.05,7,0
one_second,source/12kHz_DE_data/OR/Orthogonal/0007/OR007@3_3.mat,source,0.075,7,0.00401185157338142
one_second,source/12kHz_DE_data/OR/Orthogonal/0021/OR021@3_0.mat,source,0.025,7,0.0193361306145718
one_second,source/12kHz_DE_data/OR/Orthogonal/0021/OR021@3_0.mat,source,0.05,7,0
one_second,source/12kHz_DE_data/OR/Orthogonal/0021/OR021@3_0.mat,source,0.075,7,0.0368225165153653
one_second,source/12kHz_DE_data/OR/Orthogonal/0021/OR021@3_1.mat,source,0.025,7,0.00560280056533221
one_second,source/12kHz_DE_data/OR/Orthogonal/0021/OR021@3_1.mat,source,0.05,7,0
one_second,source/12kHz_DE_data/OR/Orthogonal/0021/OR021@3_1.mat,source,0.075,7,0.0204709769615897
one_second,source/12kHz_DE_data/OR/Orthogonal/0021/OR021@3_2.mat,source,0.025,7,0.0171709968953777
one_second,source/12kHz_DE_data/OR/Orthogonal/0021/OR021@3_2.mat,source,0.05,7,0
one_second,source/12kHz_DE_data/OR/Orthogonal/0021/OR021@3_2.mat,source,0.075,7,0.0123135891707441
one_second,source/12kHz_DE_data/OR/Orthogonal/0021/OR021@3_3.mat,source,0.025,7,0.025139985681874
one_second,source/12kHz_DE_data/OR/Orthogonal/0021/OR021@3_3.mat,source,0.05,7,0
one_second,source/12kHz_DE_data/OR/Orthogonal/0021/OR021@3_3.mat,source,0.075,7,0.0106332812189855
one_second,source/48kHz_DE_data/B/0007/B007_0.mat,source,0.025,3,0.00865243190985066
one_second,source/48kHz_DE_data/B/0007/B007_0.mat,source,0.05,3,0
one_second,source/48kHz_DE_data/B/0007/B007_0.mat,source,0.075,3,0.00997195408434614
one_second,source/48kHz_DE_data/B/0007/B007_1.mat,source,0.025,3,0.0164669118634745
one_second,source/48kHz_DE_data/B/0007/B007_1.mat,source,0.05,3,0
one_second,source/48kHz_DE_data/B/0007/B007_1.mat,source,0.075,3,0.0120471758087767
one_second,source/48kHz_DE_data/B/0007/B007_2.mat,source,0.025,3,0.00990923969011639
one_second,source/48kHz_DE_data/B/0007/B007_2.mat,source,0.05,3,0
one_second,source/48kHz_DE_data/B/0007/B007_2.mat,source,0.075,3,0.0108043901843295
one_second,source/48kHz_DE_data/B/0007/B007_3.mat,source,0.025,3,0.0175430309920161
one_second,source/48kHz_DE_data/B/0007/B007_3.mat,source,0.05,3,0
one_second,source/48kHz_DE_data/B/0007/B007_3.mat,source,0.075,3,0.0163640097614112
one_second,source/48kHz_DE_data/B/0014/B014_0.mat,source,0.025,3,0.036410483744354
one_second,source/48kHz_DE_data/B/0014/B014_0.mat,source,0.05,3,0
one_second,source/48kHz_DE_data/B/0014/B014_0.mat,source,0.075,3,0.0175881986673369
one_second,source/48kHz_DE_data/B/0014/B014_1.mat,source,0.025,3,0.019018930025011
one_second,source/48kHz_DE_data/B/0014/B014_1.mat,source,0.05,3,0
one_second,source/48kHz_DE_data/B/0014/B014_1.mat,source,0.075,3,0.0237095142293334
one_second,source/48kHz_DE_data/B/0014/B014_2.mat,source,0.025,3,0.0678576200208803
one_second,source/48kHz_DE_data/B/0014/B014_2.mat,source,0.05,3,0
one_second,source/48kHz_DE_data/B/0014/B014_2.mat,source,0.075,3,0.34067931711088
one_second,source/48kHz_DE_data/B/0014/B014_3.mat,source,0.025,3,0.0105172482219834
one_second,source/48kHz_DE_data/B/0014/B014_3.mat,source,0.05,3,0
one_second,source/48kHz_DE_data/B/0014/B014_3.mat,source,0.075,3,0.127011122544077
one_second,source/48kHz_DE_data/B/0021/B021_0.mat,source,0.025,3,0.0175067813266136
one_second,source/48kHz_DE_data/B/0021/B021_0.mat,source,0.05,3,0
one_second,source/48kHz_DE_data/B/0021/B021_0.mat,source,0.075,3,0.0131850815392344
one_second,source/48kHz_DE_data/B/0021/B021_1.mat,source,0.025,3,0.253479944786987
one_second,source/48kHz_DE_data/B/0021/B021_1.mat,source,0.05,3,0
one_second,source/48kHz_DE_data/B/0021/B021_1.mat,source,0.075,3,0.0169178683062
one_second,source/48kHz_DE_data/B/0021/B021_2.mat,source,0.025,3,0.0126769656106975
one_second,source/48kHz_DE_data/B/0021/B021_2.mat,source,0.05,3,0
one_second,source/48kHz_DE_data/B/0021/B021_2.mat,source,0.075,3,0.0140388297836072
one_second,source/48kHz_DE_data/B/0021/B021_3.mat,source,0.025,3,0.025334036274927
one_second,source/48kHz_DE_data/B/0021/B021_3.mat,source,0.05,3,0
one_second,source/48kHz_DE_data/B/0021/B021_3.mat,source,0.075,3,0.0280919912981096
one_second,source/48kHz_DE_data/IR/0007/IR007_0.mat,source,0.025,3,0.00535020579528706
one_second,source/48kHz_DE_data/IR/0007/IR007_0.mat,source,0.05,3,0
one_second,source/48kHz_DE_data/IR/0007/IR007_0.mat,source,0.075,3,0.00488613660435039
one_second,source/48kHz_DE_data/IR/0007/IR007_1.mat,source,0.025,3,0.0182830333768301
one_second,source/48kHz_DE_data/IR/0007/IR007_1.mat,source,0.05,3,0
one_second,source/48kHz_DE_data/IR/0007/IR007_1.mat,source,0.075,3,0.0420894049011916
one_second,source/48kHz_DE_data/IR/0007/IR007_2.mat,source,0.025,3,0.00669949099266891
one_second,source/48kHz_DE_data/IR/0007/IR007_2.mat,source,0.05,3,0
one_second,source/48kHz_DE_data/IR/0007/IR007_2.mat,source,0.075,3,0.00842585041026256
one_second,source/48kHz_DE_data/IR/0007/IR007_3.mat,source,0.025,3,0.00914561757820814
one_second,source/48kHz_DE_data/IR/0007/IR007_3.mat,source,0.05,3,0
one_second,source/48kHz_DE_data/IR/0007/IR007_3.mat,source,0.075,3,0.00487303986788779
one_second,source/48kHz_DE_data/IR/0014/IR014_0.mat,source,0.025,1,0.022352235207478
one_second,source/48kHz_DE_data/IR/0014/IR014_0.mat,source,0.05,1,0
one_second,source/48kHz_DE_data/IR/0014/IR014_0.mat,source,0.075,1,0.027211505140685
one_second,source/48kHz_DE_data/IR/0014/IR014_1.mat,source,0.025,3,0.0140219980846281
one_second,source/48kHz_DE_data/IR/0014/IR014_1.mat,source,0.05,3,0
one_second,source/48kHz_DE_data/IR/0014/IR014_1.mat,source,0.075,3,0.0212710471870693
one_second,source/48kHz_DE_data/IR/0014/IR014_2.mat,source,0.025,3,0.00625804631212851
one_second,source/48kHz_DE_data/IR/0014/IR014_2.mat,source,0.05,3,0
one_second,source/48kHz_DE_data/IR/0014/IR014_2.mat,source,0.075,3,0.00565999244100765
one_second,source/48kHz_DE_data/IR/0014/IR014_3.mat,source,0.025,3,0.014919170411386
one_second,source/48kHz_DE_data/IR/0014/IR014_3.mat,source,0.05,3,0
one_second,source/48kHz_DE_data/IR/0014/IR014_3.mat,source,0.075,3,0.0122402633121061
one_second,source/48kHz_DE_data/IR/0021/IR021_0.mat,source,0.025,3,0.0411518397971344
one_second,source/48kHz_DE_data/IR/0021/IR021_0.mat,source,0.05,3,0
one_second,source/48kHz_DE_data/IR/0021/IR021_0.mat,source,0.075,3,0.0118542237041518
one_second,source/48kHz_DE_data/IR/0021/IR021_1.mat,source,0.025,3,0.0117051372336998
one_second,source/48kHz_DE_data/IR/0021/IR021_1.mat,source,0.05,3,0
one_second,source/48kHz_DE_data/IR/0021/IR021_1.mat,source,0.075,3,0.011045149067902
one_second,source/48kHz_DE_data/IR/0021/IR021_2.mat,source,0.025,3,0.00397164808135022
one_second,source/48kHz_DE_data/IR/0021/IR021_2.mat,source,0.05,3,0
one_second,source/48kHz_DE_data/IR/0021/IR021_2.mat,source,0.075,3,0.00584227111790178
one_second,source/48kHz_DE_data/IR/0021/IR021_3.mat,source,0.025,3,0.0055836143163289
one_second,source/48kHz_DE_data/IR/0021/IR021_3.mat,source,0.05,3,0
one_second,source/48kHz_DE_data/IR/0021/IR021_3.mat,source,0.075,3,0.00558015190549012
one_second,source/48kHz_DE_data/OR/Centered/0007/OR007@6_0.mat,source,0.025,3,0.00458972376043906
one_second,source/48kHz_DE_data/OR/Centered/0007/OR007@6_0.mat,source,0.05,3,0
one_second,source/48kHz_DE_data/OR/Centered/0007/OR007@6_0.mat,source,0.075,3,0.00649493353499758
one_second,source/48kHz_DE_data/OR/Centered/0007/OR007@6_1.mat,source,0.025,3,0.00296725218407497
one_second,source/48kHz_DE_data/OR/Centered/0007/OR007@6_1.mat,source,0.05,3,0
one_second,source/48kHz_DE_data/OR/Centered/0007/OR007@6_1.mat,source,0.075,3,0.00367261953151154
one_second,source/48kHz_DE_data/OR/Centered/0007/OR007@6_2.mat,source,0.025,3,0.00749262680793761
one_second,source/48kHz_DE_data/OR/Centered/0007/OR007@6_2.mat,source,0.05,3,0
one_second,source/48kHz_DE_data/OR/Centered/0007/OR007@6_2.mat,source,0.075,3,0.0156006304724207
one_second,source/48kHz_DE_data/OR/Centered/0007/OR007@6_3.mat,source,0.025,3,0.00839768455018353
one_second,source/48kHz_DE_data/OR/Centered/0007/OR007@6_3.mat,source,0.05,3,0
one_second,source/48kHz_DE_data/OR/Centered/0007/OR007@6_3.mat,source,0.075,3,0.0042627124455994
one_second,source/48kHz_DE_data/OR/Centered/0014/OR014@6_0.mat,source,0.025,3,0.0437784193562214
one_second,source/48kHz_DE_data/OR/Centered/0014/OR014@6_0.mat,source,0.05,3,0
one_second,source/48kHz_DE_data/OR/Centered/0014/OR014@6_0.mat,source,0.075,3,0.00894365772791494
one_second,source/48kHz_DE_data/OR/Centered/0014/OR014@6_1.mat,source,0.025,3,0.0234892711740691
one_second,source/48kHz_DE_data/OR/Centered/0014/OR014@6_1.mat,source,0.05,3,0
one_second,source/48kHz_DE_data/OR/Centered/0014/OR014@6_1.mat,source,0.075,3,0.0416948673360427
one_second,source/48kHz_DE_data/OR/Centered/0014/OR014@6_2.mat,source,0.025,3,0.00956668271894665
one_second,source/48kHz_DE_data/OR/Centered/0014/OR014@6_2.mat,source,0.05,3,0
one_second,source/48kHz_DE_data/OR/Centered/0014/OR014@6_2.mat,source,0.075,3,0.0112724657266456
one_second,source/48kHz_DE_data/OR/Centered/0014/OR014@6_3.mat,source,0.025,3,0.0321105777464319
one_second,source/48kHz_DE_data/OR/Centered/0014/OR014@6_3.mat,source,0.05,3,0
one_second,source/48kHz_DE_data/OR/Centered/0014/OR014@6_3.mat,source,0.075,3,0.0244561008530449
one_second,source/48kHz_DE_data/OR/Centered/0021/OR021@6_0.mat,source,0.025,3,0.00698669420126652
one_second,source/48kHz_DE_data/OR/Centered/0021/OR021@6_0.mat,source,0.05,3,0
one_second,source/48kHz_DE_data/OR/Centered/0021/OR021@6_0.mat,source,0.075,3,0.0333415270923521
one_second,source/48kHz_DE_data/OR/Centered/0021/OR021@6_1.mat,source,0.025,3,0.0144504404619656
one_second,source/48kHz_DE_data/OR/Centered/0021/OR021@6_1.mat,source,0.05,3,0
one_second,source/48kHz_DE_data/OR/Centered/0021/OR021@6_1.mat,source,0.075,3,0.0556800081527285
one_second,source/48kHz_DE_data/OR/Centered/0021/OR021@6_2.mat,source,0.025,3,0.0344592142313315
one_second,source/48kHz_DE_data/OR/Centered/0021/OR021@6_2.mat,source,0.05,3,0
one_second,source/48kHz_DE_data/OR/Centered/0021/OR021@6_2.mat,source,0.075,3,0.0168639220129732
one_second,source/48kHz_DE_data/OR/Centered/0021/OR021@6_3.mat,source,0.025,3,0.0100597675364267
one_second,source/48kHz_DE_data/OR/Centered/0021/OR021@6_3.mat,source,0.05,3,0
one_second,source/48kHz_DE_data/OR/Centered/0021/OR021@6_3.mat,source,0.075,3,0.0620206992441264
one_second,source/48kHz_DE_data/OR/Opposite/0007/OR007@12_0.mat,source,0.025,2,0.011690735186025
one_second,source/48kHz_DE_data/OR/Opposite/0007/OR007@12_0.mat,source,0.05,2,0
one_second,source/48kHz_DE_data/OR/Opposite/0007/OR007@12_0.mat,source,0.075,2,0.00767322869833966
one_second,source/48kHz_DE_data/OR/Opposite/0007/OR007@12_1.mat,source,0.025,3,0.0159142614682293
one_second,source/48kHz_DE_data/OR/Opposite/0007/OR007@12_1.mat,source,0.05,3,0
one_second,source/48kHz_DE_data/OR/Opposite/0007/OR007@12_1.mat,source,0.075,3,0.0721588887625687
one_second,source/48kHz_DE_data/OR/Opposite/0007/OR007@12_2.mat,source,0.025,3,0.0182527778348021
one_second,source/48kHz_DE_data/OR/Opposite/0007/OR007@12_2.mat,source,0.05,3,0
one_second,source/48kHz_DE_data/OR/Opposite/0007/OR007@12_2.mat,source,0.075,3,0.0162402352308783
one_second,source/48kHz_DE_data/OR/Opposite/0007/OR007@12_3.mat,source,0.025,3,0.0140632170038347
one_second,source/48kHz_DE_data/OR/Opposite/0007/OR007@12_3.mat,source,0.05,3,0
one_second,source/48kHz_DE_data/OR/Opposite/0007/OR007@12_3.mat,source,0.075,3,0.0130702325800906
one_second,source/48kHz_DE_data/OR/Opposite/0021/OR021@12_0.mat,source,0.025,2,0.00497744912969566
one_second,source/48kHz_DE_data/OR/Opposite/0021/OR021@12_0.mat,source,0.05,2,0
one_second,source/48kHz_DE_data/OR/Opposite/0021/OR021@12_0.mat,source,0.075,2,0.0210575082156921
one_second,source/48kHz_DE_data/OR/Opposite/0021/OR021@12_1.mat,source,0.025,3,0.00707666384839114
one_second,source/48kHz_DE_data/OR/Opposite/0021/OR021@12_1.mat,source,0.05,3,0
one_second,source/48kHz_DE_data/OR/Opposite/0021/OR021@12_1.mat,source,0.075,3,0.0063498747167936
one_second,source/48kHz_DE_data/OR/Opposite/0021/OR021@12_2.mat,source,0.025,3,0.0171136250883482
one_second,source/48kHz_DE_data/OR/Opposite/0021/OR021@12_2.mat,source,0.05,3,0
one_second,source/48kHz_DE_data/OR/Opposite/0021/OR021@12_2.mat,source,0.075,3,0.0124500747802613
one_second,source/48kHz_DE_data/OR/Opposite/0021/OR021@12_3.mat,source,0.025,3,0.0114553590924944
one_second,source/48kHz_DE_data/OR/Opposite/0021/OR021@12_3.mat,source,0.05,3,0
one_second,source/48kHz_DE_data/OR/Opposite/0021/OR021@12_3.mat,source,0.075,3,0.0226976086487196
one_second,source/48kHz_DE_data/OR/Orthogonal/0007/OR007@3_0.mat,source,0.025,2,0.00202155589798184
one_second,source/48kHz_DE_data/OR/Orthogonal/0007/OR007@3_0.mat,source,0.05,2,0
one_second,source/48kHz_DE_data/OR/Orthogonal/0007/OR007@3_0.mat,source,0.075,2,0.00233570452864814
one_second,source/48kHz_DE_data/OR/Orthogonal/0007/OR007@3_1.mat,source,0.025,3,0.00373681473464725
one_second,source/48kHz_DE_data/OR/Orthogonal/0007/OR007@3_1.mat,source,0.05,3,0
one_second,source/48kHz_DE_data/OR/Orthogonal/0007/OR007@3_1.mat,source,0.075,3,0.00850233001220817
one_second,source/48kHz_DE_data/OR/Orthogonal/0007/OR007@3_2.mat,source,0.025,3,0.00474013215841459
one_second,source/48kHz_DE_data/OR/Orthogonal/0007/OR007@3_2.mat,source,0.05,3,0
one_second,source/48kHz_DE_data/OR/Orthogonal/0007/OR007@3_2.mat,source,0.075,3,0.00416280694249002
one_second,source/48kHz_DE_data/OR/Orthogonal/0007/OR007@3_3.mat,source,0.025,3,0.00154882484782245
one_second,source/48kHz_DE_data/OR/Orthogonal/0007/OR007@3_3.mat,source,0.05,3,0
one_second,source/48kHz_DE_data/OR/Orthogonal/0007/OR007@3_3.mat,source,0.075,3,0.00903018559305543
one_second,source/48kHz_DE_data/OR/Orthogonal/0021/OR021@3_0.mat,source,0.025,2,0.00746738478905416
one_second,source/48kHz_DE_data/OR/Orthogonal/0021/OR021@3_0.mat,source,0.05,2,0
one_second,source/48kHz_DE_data/OR/Orthogonal/0021/OR021@3_0.mat,source,0.075,2,0.0084919464366403
one_second,source/48kHz_DE_data/OR/Orthogonal/0021/OR021@3_1.mat,source,0.025,3,0.0180376940810286
one_second,source/48kHz_DE_data/OR/Orthogonal/0021/OR021@3_1.mat,source,0.05,3,0
one_second,source/48kHz_DE_data/OR/Orthogonal/0021/OR021@3_1.mat,source,0.075,3,0.0291736028581678
one_second,source/48kHz_DE_data/OR/Orthogonal/0021/OR021@3_2.mat,source,0.025,3,0.00677000165633487
one_second,source/48kHz_DE_data/OR/Orthogonal/0021/OR021@3_2.mat,source,0.05,3,0
one_second,source/48kHz_DE_data/OR/Orthogonal/0021/OR021@3_2.mat,source,0.075,3,0.0166487985111844
one_second,source/48kHz_DE_data/OR/Orthogonal/0021/OR021@3_3.mat,source,0.025,3,0.0105997207705241
one_second,source/48kHz_DE_data/OR/Orthogonal/0021/OR021@3_3.mat,source,0.05,3,0
one_second,source/48kHz_DE_data/OR/Orthogonal/0021/OR021@3_3.mat,source,0.075,3,0.0144908545516981
one_second,source/48kHz_Normal_data/N_0.mat,source,0.025,5,0.0419995742163689
one_second,source/48kHz_Normal_data/N_0.mat,source,0.05,4,0
one_second,source/48kHz_Normal_data/N_0.mat,source,0.075,4,0.00636683194124724
one_second,source/48kHz_Normal_data/N_1_(1772rpm).mat,source,0.025,7,0.0316070829223734
one_second,source/48kHz_Normal_data/N_1_(1772rpm).mat,source,0.05,7,0
one_second,source/48kHz_Normal_data/N_1_(1772rpm).mat,source,0.075,7,0.0562764036882052
one_second,source/48kHz_Normal_data/N_2_(1750rpm).mat,source,0.025,7,0.0190314952585244
one_second,source/48kHz_Normal_data/N_2_(1750rpm).mat,source,0.05,7,0
one_second,source/48kHz_Normal_data/N_2_(1750rpm).mat,source,0.075,7,0.0270672956259449
one_second,source/48kHz_Normal_data/N_3.mat,source,0.025,7,0.0138907722110512
one_second,source/48kHz_Normal_data/N_3.mat,source,0.05,7,0
one_second,source/48kHz_Normal_data/N_3.mat,source,0.075,7,0.0177577727406641
one_second,target/A.mat,target,0.025,7,0.0257370347878302
one_second,target/A.mat,target,0.05,7,0
one_second,target/A.mat,target,0.075,7,0.0298972827904702
one_second,target/B.mat,target,0.025,7,0.140141287008122
one_second,target/B.mat,target,0.05,7,0
one_second,target/B.mat,target,0.075,7,0.0175311529545983
one_second,target/C.mat,target,0.025,7,0.0182968501330577
one_second,target/C.mat,target,0.05,7,0
one_second,target/C.mat,target,0.075,7,0.0327917213422548
one_second,target/D.mat,target,0.025,7,0.0431538859034777
one_second,target/D.mat,target,0.05,7,0
one_second,target/D.mat,target,0.075,7,0.0254035649950723
one_second,target/E.mat,target,0.025,7,0.0462449433102804
one_second,target/E.mat,target,0.05,7,0
one_second,target/E.mat,target,0.075,7,0.0548653235492515
one_second,target/F.mat,target,0.025,7,0.0324493273447691
one_second,target/F.mat,target,0.05,7,0
one_second,target/F.mat,target,0.075,7,0.0322609447666399
one_second,target/G.mat,target,0.025,7,0.0124089958338954
one_second,target/G.mat,target,0.05,7,0
one_second,target/G.mat,target,0.075,7,0.0163077447229781
one_second,target/H.mat,target,0.025,7,0.0238649501477518
one_second,target/H.mat,target,0.05,7,0
one_second,target/H.mat,target,0.075,7,0.0142532916137644
one_second,target/I.mat,target,0.025,7,0.0382392536673571
one_second,target/I.mat,target,0.05,7,0
one_second,target/I.mat,target,0.075,7,0.0280199028716901
one_second,target/J.mat,target,0.025,7,0.0512354062609025
one_second,target/J.mat,target,0.05,7,0
one_second,target/J.mat,target,0.075,7,0.0456323707179932
one_second,target/K.mat,target,0.025,7,0.018358047250804
one_second,target/K.mat,target,0.05,7,0
one_second,target/K.mat,target,0.075,7,0.0231810105689341
one_second,target/L.mat,target,0.025,7,0.0124168959622453
one_second,target/L.mat,target,0.05,7,0
one_second,target/L.mat,target,0.075,7,0.0256238259070262
one_second,target/M.mat,target,0.025,7,0.0162742364531519
one_second,target/M.mat,target,0.05,7,0
one_second,target/M.mat,target,0.075,7,0.0326592764574108
one_second,target/N.mat,target,0.025,7,0.101697305864472
one_second,target/N.mat,target,0.05,7,0
one_second,target/N.mat,target,0.075,7,0.0493895254674761
one_second,target/O.mat,target,0.025,7,0.0183703108003204
one_second,target/O.mat,target,0.05,7,0
one_second,target/O.mat,target,0.075,7,0.0553874547414757
one_second,target/P.mat,target,0.025,7,0.0195695669473116
one_second,target/P.mat,target,0.05,7,0
one_second,target/P.mat,target,0.075,7,0.102651279304745
