route,file_id,rpm_change,windows,own_scale_drift,common_scale_drift
equal_revolutions,target/A.mat,-0.1,3,0.0926961871745626,0.0926961871745626
equal_revolutions,target/A.mat,-0.05,3,0.192588425662064,0.192588425662064
equal_revolutions,target/A.mat,0,3,0,0
equal_revolutions,target/A.mat,0.05,4,0.149282136299424,0.149282136299424
equal_revolutions,target/A.mat,0.1,4,0.13006665395089,0.13006665395089
equal_revolutions,target/B.mat,-0.1,3,0.174085308761384,0.174085308761384
equal_revolutions,target/B.mat,-0.05,3,0.102186286075015,0.102186286075015
equal_revolutions,target/B.mat,0,3,0,0
equal_revolutions,target/B.mat,0.05,4,0.121599837826376,0.121599837826376
equal_revolutions,target/B.mat,0.1,4,0.148574324504912,0.148574324504912
equal_revolutions,target/C.mat,-0.1,3,0.229617208546336,0.229617208546336
equal_revolutions,target/C.mat,-0.05,3,0.321543369954127,0.321543369954127
equal_revolutions,target/C.mat,0,3,0,0
equal_revolutions,target/C.mat,0.05,4,0.91473013503156,0.91473013503156
equal_revolutions,target/C.mat,0.1,4,1.05366192803102,1.05366192803102
equal_revolutions,target/D.mat,-0.1,3,0.139961686750107,0.139961686750107
equal_revolutions,target/D.mat,-0.05,3,0.0885308527857876,0.0885308527857876
equal_revolutions,target/D.mat,0,3,0,0
equal_revolutions,target/D.mat,0.05,4,0.0658224643106586,0.0658224643106586
equal_revolutions,target/D.mat,0.1,4,0.0921548480053141,0.0921548480053141
equal_revolutions,target/E.mat,-0.1,3,0.550030028009164,0.550030028009164
equal_revolutions,target/E.mat,-0.05,3,0.517066491069435,0.517066491069435
equal_revolutions,target/E.mat,0,3,0,0
equal_revolutions,target/E.mat,0.05,4,0.179306690375272,0.179306690375272
equal_revolutions,target/E.mat,0.1,4,0.289055598931339,0.289055598931339
equal_revolutions,target/F.mat,-0.1,3,0.298263841548916,0.298263841548916
equal_revolutions,target/F.mat,-0.05,3,0.165550909126391,0.165550909126391
equal_revolutions,target/F.mat,0,3,0,0
equal_revolutions,target/F.mat,0.05,4,0.0778067531479292,0.0778067531479292
equal_revolutions,target/F.mat,0.1,4,0.106038662802376,0.106038662802376
equal_revolutions,target/G.mat,-0.1,3,0.116177780946287,0.116177780946287
equal_revolutions,target/G.mat,-0.05,3,0.125408678112838,0.125408678112838
equal_revolutions,target/G.mat,0,3,0,0
equal_revolutions,target/G.mat,0.05,4,0.37763517856228,0.37763517856228
equal_revolutions,target/G.mat,0.1,4,0.364636805012463,0.364636805012463
equal_revolutions,target/H.mat,-0.1,3,0.446650767052508,0.446650767052508
equal_revolutions,target/H.mat,-0.05,3,0.361452467818424,0.361452467818424
equal_revolutions,target/H.mat,0,3,0,0
equal_revolutions,target/H.mat,0.05,4,0.154478488774869,0.154478488774869
equal_revolutions,target/H.mat,0.1,4,0.356221837832518,0.356221837832518
equal_revolutions,target/I.mat,-0.1,3,0.862669463571686,0.862669463571686
equal_revolutions,target/I.mat,-0.05,3,0.629832726182322,0.629832726182322
equal_revolutions,target/I.mat,0,3,0,0
equal_revolutions,target/I.mat,0.05,4,0.208836448673899,0.208836448673899
equal_revolutions,target/I.mat,0.1,4,0.227966145896038,0.227966145896038
equal_revolutions,target/J.mat,-0.1,3,0.932332555312883,0.932332555312883
equal_revolutions,target/J.mat,-0.05,3,0.627572968771593,0.627572968771593
equal_revolutions,target/J.mat,0,3,0,0
equal_revolutions,target/J.mat,0.05,4,1.01920443393511,1.01920443393511
equal_revolutions,target/J.mat,0.1,4,1.02518631847459,1.02518631847459
equal_revolutions,target/K.mat,-0.1,3,0.484185503635297,0.484185503635297
equal_revolutions,target/K.mat,-0.05,3,0.560472981690993,0.560472981690993
equal_revolutions,target/K.mat,0,3,0,0
equal_revolutions,target/K.mat,0.05,4,0.223837396281452,0.223837396281452
equal_revolutions,target/K.mat,0.1,4,0.443873323455214,0.443873323455214
equal_revolutions,target/L.mat,-0.1,3,0.229200859003665,0.229200859003665
equal_revolutions,target/L.mat,-0.05,3,0.233667020248515,0.233667020248515
equal_revolutions,target/L.mat,0,3,0,0
equal_revolutions,target/L.mat,0.05,4,0.194691002116414,0.194691002116414
equal_revolutions,target/L.mat,0.1,4,0.330717391355566,0.330717391355566
equal_revolutions,target/M.mat,-0.1,3,0.399675646066303,0.399675646066303
equal_revolutions,target/M.mat,-0.05,3,0.601258610162484,0.601258610162484
equal_revolutions,target/M.mat,0,3,0,0
equal_revolutions,target/M.mat,0.05,4,0.256199826887381,0.256199826887381
equal_revolutions,target/M.mat,0.1,4,0.699861238340611,0.699861238340611
equal_revolutions,target/N.mat,-0.1,3,0.240874886108082,0.240874886108082
equal_revolutions,target/N.mat,-0.05,3,0.210193904392049,0.210193904392049
equal_revolutions,target/N.mat,0,3,0,0
equal_revolutions,target/N.mat,0.05,4,0.982372942919123,0.982372942919123
equal_revolutions,target/N.mat,0.1,4,0.990512727486488,0.990512727486488
equal_revolutions,target/O.mat,-0.1,3,0.0572762729208135,0.0572762729208135
equal_revolutions,target/O.mat,-0.05,3,0.173905305152922,0.173905305152922
equal_revolutions,target/O.mat,0,3,0,0
equal_revolutions,target/O.mat,0.05,4,0.49281417400755,0.49281417400755
equal_revolutions,target/O.mat,0.1,4,0.511784097237719,0.511784097237719
equal_revolutions,target/P.mat,-0.1,3,0.123841431734973,0.123841431734973
equal_revolutions,target/P.mat,-0.05,3,0.0792314570682528,0.0792314570682528
equal_revolutions,target/P.mat,0,3,0,0
equal_revolutions,target/P.mat,0.05,4,0.0870590770977888,0.0870590770977888
equal_revolutions,target/P.mat,0.1,4,0.0577929801396978,0.0577929801396978
one_second,target/A.mat,-0.1,7,0.0894657225368182,0.0905674257452491
one_second,target/A.mat,-0.05,7,0.0672074547844123,0.0677777863685206
one_second,target/A.mat,0,7,0,0
one_second,target/A.mat,0.05,7,0.0466525178065855,0.0476631304080503
one_second,target/A.mat,0.1,7,0.0507704490192806,0.0519534105122008
one_second,target/B.mat,-0.1,7,0.0768297705134629,0.0781336563768862
one_second,target/B.mat,-0.05,7,0.174212193312243,0.175131943787419
one_second,target/B.mat,0,7,0,0
one_second,target/B.mat,0.05,7,0.054307400274113,0.0557344379798833
one_second,target/B.mat,0.1,7,0.0513032074348181,0.0518754957566478
one_second,target/C.mat,-0.1,7,0.256037857782487,0.269097393388986
one_second,target/C.mat,-0.05,7,0.222464044471044,0.225058176670789
one_second,target/C.mat,0,7,0,0
one_second,target/C.mat,0.05,7,0.588178052805335,0.589594389975915
one_second,target/C.mat,0.1,7,0.834707209523624,0.836636875061484
one_second,target/D.mat,-0.1,7,0.06290333845497,0.0639314347129475
one_second,target/D.mat,-0.05,7,0.0402514614647425,0.0410147770403169
one_second,target/D.mat,0,7,0,0
one_second,target/D.mat,0.05,7,0.0610461045488353,0.0616280628451006
one_second,target/D.mat,0.1,7,0.0693258239876903,0.0708337833713351
one_second,target/E.mat,-0.1,7,0.217515884061014,0.224052898128527
one_second,target/E.mat,-0.05,7,0.181576917400597,0.183099087905508
one_second,target/E.mat,0,7,0,0
one_second,target/E.mat,0.05,7,0.597804690009761,0.599197564415061
one_second,target/E.mat,0.1,7,0.66349673778889,0.665242501129194
one_second,target/F.mat,-0.1,7,0.06980014071743,0.0717132842968511
one_second,target/F.mat,-0.05,7,0.0648507361418917,0.0664068753045431
one_second,target/F.mat,0,7,0,0
one_second,target/F.mat,0.05,7,0.124679869300816,0.127785336476167
one_second,target/F.mat,0.1,7,0.0755054945729787,0.0768271219966853
one_second,target/G.mat,-0.1,7,0.310758541418148,0.311650164797633
one_second,target/G.mat,-0.05,7,0.0624937250460351,0.0634258185623423
one_second,target/G.mat,0,7,0,0
one_second,target/G.mat,0.05,7,0.0387641171411093,0.0394026059366328
one_second,target/G.mat,0.1,7,0.041863494366301,0.0425547735527862
one_second,target/H.mat,-0.1,7,0.139245639192773,0.142589747394074
one_second,target/H.mat,-0.05,7,0.101856992280437,0.10416800684655
one_second,target/H.mat,0,7,0,0
one_second,target/H.mat,0.05,7,0.0812164312914968,0.0832515861118771
one_second,target/H.mat,0.1,7,0.169442103125034,0.173356704011773
one_second,target/I.mat,-0.1,7,0.212465073793929,0.222582616788965
one_second,target/I.mat,-0.05,7,0.406636099206888,0.408032151065014
one_second,target/I.mat,0,7,0,0
one_second,target/I.mat,0.05,7,0.932046029846086,0.934134934130635
one_second,target/I.mat,0.1,7,0.978482082296029,0.980728554964184
one_second,target/J.mat,-0.1,7,0.224156976748362,0.236235428507842
one_second,target/J.mat,-0.05,7,0.41168535345008,0.413046215514023
one_second,target/J.mat,0,7,0,0
one_second,target/J.mat,0.05,7,0.816689700542734,0.81849462155571
one_second,target/J.mat,0.1,7,0.967724904906751,0.969823760355235
one_second,target/K.mat,-0.1,7,0.183410291075125,0.186612515231382
one_second,target/K.mat,-0.05,7,0.103252928742212,0.105572056615782
one_second,target/K.mat,0,7,0,0
one_second,target/K.mat,0.05,7,0.0819557914768614,0.0838252812339563
one_second,target/K.mat,0.1,7,0.178674637974672,0.182853642444678
one_second,target/L.mat,-0.1,7,0.174308987681646,0.175048128602602
one_second,target/L.mat,-0.05,7,0.0840376967724512,0.0853111539734856
one_second,target/L.mat,0,7,0,0
one_second,target/L.mat,0.05,7,0.124847243041441,0.125529828533531
one_second,target/L.mat,0.1,7,0.0810148121229295,0.08182672860933
one_second,target/M.mat,-0.1,7,0.17159468684664,0.175061018737299
one_second,target/M.mat,-0.05,7,0.0999557526168775,0.102216827273249
one_second,target/M.mat,0,7,0,0
one_second,target/M.mat,0.05,7,0.0634393232471309,0.0648849786280377
one_second,target/M.mat,0.1,7,0.165406094265239,0.169221262793295
one_second,target/N.mat,-0.1,7,0.120643058742091,0.122024326308374
one_second,target/N.mat,-0.05,7,0.101814838150588,0.102480551187762
one_second,target/N.mat,0,7,0,0
one_second,target/N.mat,0.05,7,0.0671056352434408,0.068899440409785
one_second,target/N.mat,0.1,7,0.0865070782112029,0.0876866490226103
one_second,target/O.mat,-0.1,7,0.147651347297603,0.150093902867247
one_second,target/O.mat,-0.05,7,0.121521640467941,0.123351829839648
one_second,target/O.mat,0,7,0,0
one_second,target/O.mat,0.05,7,0.0745073989360692,0.0762408747737238
one_second,target/O.mat,0.1,7,0.451685377688911,0.452836113691956
one_second,target/P.mat,-0.1,7,0.0994697481892297,0.100323331371893
one_second,target/P.mat,-0.05,7,0.136877778617499,0.138367865314315
one_second,target/P.mat,0,7,0,0
one_second,target/P.mat,0.05,7,0.0968588351338494,0.0977361163634928
one_second,target/P.mat,0.1,7,0.0391474712027053,0.0396958511272424
