file_id,label,split,ac_rms__median,mean_abs__median,peak_to_peak__median,crest_factor__median,kurtosis_pearson__median,skewness__median,env_entropy__median,env_centroid_order__median,env_spread_order__median,env_peak_order__median,env_harmonic_ratio__median,env_low_order_ratio__median,b1500_3000__ftf_hm0.1__median,b1500_3000__ftf_hm0.2__median,b1500_3000__ftf_hm0.3__median,b1500_3000__ftf_fund__median,b1500_3000__ftf_peak__median,b1500_3000__bpfo_hm0.1__median,b1500_3000__bpfo_hm0.2__median,b1500_3000__bpfo_hm0.3__median,b1500_3000__bpfo_fund__median,b1500_3000__bpfo_peak__median,b1500_3000__bpfi_hm0.1__median,b1500_3000__bpfi_hm0.2__median,b1500_3000__bpfi_hm0.3__median,b1500_3000__bpfi_fund__median,b1500_3000__bpfi_peak__median,b1500_3000__bsf_hm0.1__median,b1500_3000__bsf_hm0.2__median,b1500_3000__bsf_hm0.3__median,b1500_3000__bsf_fund__median,b1500_3000__bsf_peak__median,b1500_3000__spin_half_hm0.1__median,b1500_3000__spin_half_hm0.2__median,b1500_3000__spin_half_hm0.3__median,b1500_3000__spin_half_fund__median,b1500_3000__spin_half_peak__median,b1500_3000__bpfo_contrast__median,b1500_3000__bpfi_contrast__median,b1500_3000__bsf_contrast__median,b1500_3000__spin_half_contrast__median,b1500_3000__envelope_cv__median,b1500_3000__envelope_kurtosis__median,b1500_3000__carrier_ratio__median
source/12kHz_DE_data/B/0007/B007_0.mat,B,validation,0.137498514737146,0.110121675311832,1.06768610778443,4.13805610325617,2.95853404322582,-0.00346861319364353,0.77441699893676,4.51494880765581,3.56393864105956,2.2,0.138891326131097,0.300079609866555,0.57538123574097,1,1,0.031202272983242,0.018807053260486,0.125230929453821,0.144550301087281,0.153141376187918,0.0897816100723603,0.0820092410487579,0.0267985713320854,0.0727733286621482,0.097143666822153,0.0441292252178764,0.0348573087018271,0.016496320942609,0.0456165002899783,0.0745090401940177,0.0323195081340134,0.0181328509827235,0.0488749457503085,0.110836739481929,0.197194121178494,0.0312022622389674,0.0202240426574604,2.90283269429036,1.84533335241892,0.844269660929123,0.742440659152677,0.533479481640932,3.7269432610369,0.442367413178318
source/12kHz_DE_data/B/0007/B007_1.mat,B,test,0.139605611132112,0.111170688992802,1.06671149700599,3.94342966716648,2.96780935131584,0.00788830251832881,0.75764494652909,5.14432170074338,3.70482780538009,3.6,0.149663994089605,0.244746000523663,0.589016939881704,1,1,0.0346018851814399,0.0232885147567554,0.122020251615188,0.150998839540856,0.166844093241501,0.0793786395404993,0.0604801550884181,0.0258670417542698,0.0564640940980146,0.137702677452444,0.0372042067211547,0.0317632614216595,0.0154208621094133,0.0402331168439559,0.0569834718005673,0.0310934201573693,0.0189718252767018,0.0391734798215862,0.121514468030689,0.173215908571879,0.0195279722783145,0.0124472507768043,2.79227325987939,1.03681259819694,0.674362172669413,0.735028409962301,0.536453313154566,3.31916521447144,0.434889555936182
source/12kHz_DE_data/B/0007/B007_2.mat,B,train,0.147783752953339,0.118456486484002,1.08181796407186,3.73127896960763,2.872965038192,0.0327752453556446,0.788602823587913,5.44037251993615,4.0588994541065,2,0.184679969573282,0.241003694552348,0.612944014261462,1,1,0.0280415801053176,0.0148512008083537,0.0695093882267657,0.097837717370449,0.138558401230478,0.0253377908918345,0.0176123141494594,0.0235134097901817,0.0489006836266642,0.133665582148162,0.0274331010652228,0.0215960594043831,0.0108162922578514,0.0573155615830257,0.0790178162091868,0.0357376783770995,0.0279442851948686,0.051282296537059,0.131388365936581,0.189228813740819,0.0248601254898409,0.011240667651624,1.27740388227887,0.611178891821424,0.720055989425911,0.749473106170526,0.553726824902774,3.36201009824787,0.383381740899811
source/12kHz_DE_data/B/0007/B007_3.mat,B,train,0.154619389007793,0.124046205159371,1.16888319361277,3.88792214154457,2.87722373294836,0.0213469527957632,0.778447776674684,5.95281534432086,4.54813001724096,2,0.189790982597752,0.244844728747466,0.613164702428395,1,1,0.0256437197450779,0.0163057024683684,0.147075668713059,0.18974536442657,0.197904978898089,0.0447629955972506,0.036230752004449,0.0629467155527473,0.0921413262958722,0.121557462970398,0.0466403804723479,0.0205430552421616,0.0217638802184603,0.071364786297303,0.100129367386841,0.045649958061016,0.0259831892818717,0.0553564235290037,0.162515724194131,0.261463197397783,0.0193078706880163,0.0127330211186404,2.91322919564709,2.66925494067318,1.11129992269713,0.890829186374529,0.515210224638543,3.27154642779213,0.400551612837903
source/12kHz_DE_data/B/0014/B014_0.mat,B,train,0.13874967334831,0.089608396131498,2.89638079840319,11.1948021016686,14.5787008617947,0.0877384817630336,0.775503137557209,3.38758355235732,3.19657932061724,1.4,0.18431841825597,0.452971665243113,0.437906352476309,1,1,0.163943693588785,0.0678271230777771,0.0317280290971893,0.0857977291193732,0.11557631850762,0.0584303147905436,0.0282424905060006,0.0104608040829139,0.0246779875412126,0.0414113756383975,0.0199417630846543,0.00658943725368476,0.0293551386846015,0.0604330750594512,0.0900200832320081,0.0537575116444528,0.0161967227778455,0.0609446017508673,0.124014313471068,0.194846411058686,0.0421962258672709,0.0157905586838859,1.37066913780366,0.729464576589036,1.26105707109252,1.19723364602067,0.995809170483795,20.3722309104503,0.453002201423449
source/12kHz_DE_data/B/0014/B014_1.mat,B,train,0.138287050570378,0.0984302012706687,2.02264223552894,7.6779347606492,8.79686289527437,0.0322684493082291,0.776211801993804,3.77276725749643,3.32087767596529,1.4,0.172260369282655,0.413841289385205,0.506293422276926,1,1,0.0848534703531175,0.0396181284969654,0.0235599942540065,0.0551917859786771,0.0859925669370492,0.0431083159947189,0.034507339960933,0.0165990331736185,0.0317772986541217,0.0454952042571504,0.0240554814265794,0.0142905284224417,0.039727417290846,0.0700571392516274,0.103864498052731,0.0501247636950997,0.0231080698919827,0.0592403366810947,0.114601845386585,0.171741834459459,0.0229608583758873,0.0127184867649543,0.919458792242098,0.909961217912371,1.17938341915225,0.94067431547958,0.925975182542475,12.0178262231977,0.441480209044121
source/12kHz_DE_data/B/0014/B014_2.mat,B,train,0.154579583528535,0.110166054539174,2.73313349301397,8.99966496177336,8.4102396602345,0.102599523225681,0.746770480884097,3.29636307623494,3.74782535630169,1.2,0.230188269936409,0.538227231489377,0.571926689543658,1,1,0.139986085844671,0.0675747614040376,0.0215674727281352,0.0515715126580233,0.0733724311018595,0.0269623958628684,0.0123240529421544,0.0119392342138394,0.0318980204726611,0.0446902873164067,0.0216421728073572,0.0107946470556066,0.0186403117689611,0.0445271857769484,0.0678383347640875,0.0259462019499766,0.0173656482226877,0.0503799210553921,0.102289953570204,0.138750273346373,0.0376988784938671,0.021290277099979,0.862277684588289,0.750156986666435,1.22462620679501,0.92196143298025,0.947575287403454,15.319481936425,0.463377446694746
source/12kHz_DE_data/B/0014/B014_3.mat,B,train,0.140276667483754,0.0939242477383938,2.29017289421158,10.3350122367026,10.1752654577847,0.202843026170392,0.769147967467948,3.83809123528605,3.70425449645408,1.2,0.245589359771756,0.439835743760103,0.506016752058538,1,1,0.102896398497769,0.0591488644038346,0.0147020995862958,0.0328933842585455,0.0663685454872552,0.0233311913082453,0.0100814684336747,0.0110659054623367,0.026492078520303,0.0421816321805127,0.0208093400040663,0.0134141469776724,0.0203276358321453,0.0437537220695365,0.100871920574113,0.0305233172882051,0.0197422921636328,0.0461929030379482,0.101083798226378,0.163943357275656,0.0377999701918809,0.0180383459022362,0.714450697653882,0.724606495610744,0.655347306418459,0.849537415072143,0.878519170653705,13.5362793945449,0.411380180883762
source/12kHz_DE_data/B/0021/B021_0.mat,B,train,0.141315730942638,0.103427930589491,1.61866606786427,6.94450296513715,4.72773076692634,0.00847046165667556,0.836447962617455,5.74801482847052,4.13161886726819,4.6,0.0868737977753911,0.220431420785075,0.612799383588647,1,1,0.0358304265632119,0.0239852718790238,0.0795385985343686,0.111769638447121,0.144575197663747,0.0469191896423049,0.023452434114364,0.044319337490273,0.0979971870579388,0.118282634293164,0.0745979212699284,0.0400642972673847,0.0453815645188287,0.0839260569651895,0.118025172930852,0.0495174437556172,0.0331955865518965,0.0833174701245137,0.168581733507535,0.241624507086978,0.0460609488305829,0.0203371705722944,1.35768456685895,2.88817381200805,1.36660849379451,1.19004552444503,0.668399995028074,10.9963900039361,0.403347497493959
source/12kHz_DE_data/B/0021/B021_1.mat,B,validation,0.120708513591568,0.0931644873219443,1.64026994011976,7.23164100451557,4.4606287480639,-0.00137968638321263,0.806291658746866,5.68437968759736,3.98556940355847,5.4,0.145926774745221,0.203771342036614,0.536711441307198,1,1,0.0377021614456884,0.0204782510767438,0.0980916887451728,0.142628603934974,0.17259956304849,0.0675199924262712,0.0338121264354756,0.0927064124471531,0.135625453296603,0.15430645301493,0.116557244523856,0.0772006294867519,0.0395430172723367,0.0701022796490827,0.0885104951204087,0.054655756161619,0.0216057184662607,0.0628095436603644,0.168900158057125,0.221893290447574,0.0273191008019762,0.0150975136203601,2.19289414905646,3.87327117940471,1.53392912000824,1.21812735865008,0.705532610794899,21.8672565466905,0.378938255210566
source/12kHz_DE_data/B/0021/B021_2.mat,B,validation,0.107015976575423,0.0845184624682134,0.871626906187625,4.24048605591368,3.2434237370565,0.00298405790292541,0.839915881289575,5.98995999871386,4.35093755625499,3.6,0.13131264681348,0.211385472201037,0.557843942349201,1,1,0.0295746064775566,0.0136760450969864,0.128872060498247,0.168513170197037,0.210032646287601,0.0911015175199662,0.0651703666157834,0.0699580760471851,0.107100917378564,0.122703461116669,0.0812860536495135,0.0530048118349879,0.0270758075079331,0.0476590001510255,0.0834708292528818,0.0236818793573358,0.00981214939518469,0.0697753077701008,0.141316333122698,0.204048211737904,0.0256186642372794,0.0135084262008363,2.68664391972109,3.22881180613337,0.988284119540058,1.05971276473491,0.538507322266603,3.50637907945103,0.344542873909638
source/12kHz_DE_data/B/0021/B021_3.mat,B,train,0.117930268622139,0.0934572602186295,0.919870139720559,3.95920409186549,3.12790880760163,0.0177741203344784,0.855914293660416,7.245349023569,5.05579096584963,3.6,0.154245797026158,0.182291519417145,0.553374388344742,1,1,0.0499729107022842,0.0287620798984562,0.15076192643511,0.204304664304029,0.22887865924786,0.0820425856911817,0.0688525910762054,0.0674963016356432,0.0943416694910964,0.112332251319092,0.0493211333490313,0.0304404005981677,0.0228112339555335,0.0483172738180366,0.0811729747785944,0.0151879156466751,0.0115074971743539,0.0766833153011763,0.135088223599263,0.212718837039357,0.0243763643073382,0.0112099603761146,2.33434070845241,2.01922481312973,0.812692704270147,0.981751081374488,0.525465033205231,3.31217065100269,0.336302537416768
source/12kHz_DE_data/B/0028/B028_0_(1797rpm).mat,B,train,2.05466852546716,1.56992541027921,19.315543,4.92916164903478,3.82610287927806,0.0562446135256957,0.665275224341011,3.02773886017127,3.39598602551119,1.2,0.2183390957688,0.632695163507409,0.561908276730764,1,1,0.0633723125528256,0.0357012537200714,0.0227772227711722,0.0324394093738407,0.0444215097668508,0.0148585722278772,0.00774928027604182,0.0111057230439478,0.0169900873283214,0.0216420336545165,0.0118802672090927,0.00737718208038108,0.0448573870165192,0.0742476396157539,0.0855292977025929,0.0439047725958953,0.0262944862411246,0.0693942576956549,0.104659560825058,0.133579922225507,0.0169498843779105,0.00914357951026976,0.90531491828781,0.872733179756573,3.04020070596959,0.965159791221825,0.679305485506405,4.25626288071901,0.785890289250528
source/12kHz_DE_data/B/0028/B028_1_(1772rpm).mat,B,test,2.0247439433376,1.54068975027789,18.5489434,4.79499584286045,3.91092112292519,0.0495377573512026,0.66375598118666,2.84063544402029,3.37047773631491,1.8,0.18691904979215,0.641543045148263,0.613000508463386,1,1,0.0520805986536465,0.0279618686302237,0.019218452904157,0.0412628098210502,0.0543296036050129,0.0177838112782685,0.00884732902326424,0.0127529064352209,0.0240576303260609,0.03034840685427,0.0124838251506979,0.00498088664240826,0.0413696499734524,0.0500331177652559,0.0588036257613575,0.0363515409598506,0.0137146148228392,0.0948292751406511,0.126413346623612,0.151125255651216,0.0451957812118071,0.0260308724887613,1.33320725642146,1.03710056691056,1.95409853579838,1.07255789534565,0.710288410039858,4.12454605094842,0.816710631280073
source/12kHz_DE_data/B/0028/B028_2_(1750rpm).mat,B,train,2.14599249987768,1.62778007334706,18.1143742,4.32661177457021,3.77931845635765,0.0433727024650526,0.609148518319178,2.49597980991641,3.04390226670201,1.2,0.245107009247724,0.688987159053944,0.629219298328807,1,1,0.051767373789418,0.0334147817435627,0.0245189636164681,0.0363179980005118,0.0444034296502206,0.0269397863735792,0.0136396645011891,0.00697927847902653,0.0173885105293895,0.0244279308066388,0.0106740221110625,0.00597877118870474,0.0449824949456343,0.0577122918081588,0.0636212092733755,0.0427123338014839,0.0264687487447636,0.0582541901810628,0.0798443724619009,0.104440230101825,0.0160965384549195,0.00702016878743546,0.966519625518556,1.06447036986681,3.48118527925027,0.971155116802939,0.726626092566759,4.33683360374724,0.777485238939898
source/12kHz_DE_data/B/0028/B028_3_(1730rpm).mat,B,train,2.15099272826373,1.61975114132532,19.2968256,4.67092962902762,3.9175923539378,0.0433019891566697,0.618356738521378,2.63297107401318,3.11566480324857,1.2,0.258561931216873,0.674972794058254,0.63645968120456,1,1,0.0552862786014212,0.0327233651091587,0.017046517128667,0.0338213411578917,0.0488744747587097,0.0145011180610454,0.00791804010084962,0.00876334471687692,0.0152981584909479,0.0249821584217504,0.0118103904829049,0.00742480943916294,0.036531099020001,0.0481268071903895,0.0555237574871978,0.0287134521735235,0.0149722889301366,0.0570815183603512,0.0821187447330669,0.10959344764191,0.034375666434005,0.0148722630853207,0.94308118575133,1.63223971095032,2.5069261350878,0.931439835773067,0.715058765727571,3.9585004495098,0.763590378537884
source/12kHz_DE_data/IR/0007/IR007_0.mat,IR,train,0.291272768878354,0.209650996946493,2.85333548902196,5.53635184713011,5.354143304207,0.16659085457736,0.385171381289329,5.78026615292697,3.01446947959459,5.4,0.564986032032895,0.116261534827332,0.27738179136741,1,1,0.00602586385935188,0.00561578141994593,0.0578849884512106,0.183096896544237,0.211561577778939,0.108956079213662,0.108793760989882,0.564779872277229,0.565322402770286,0.56599562344699,0.506189513600917,0.506065634861629,0.0210315139407418,0.0214606364912475,0.0244485016843341,0.00197464713702443,0.0015827353152999,0.0300786844978261,0.0313733463841463,0.0378328379526949,0.00509472818006802,0.0046568933902372,5.72848407086415,181.103639145845,6.12880792272758,0.495013784047152,0.697031248638165,3.57028424869915,0.646182440447087
source/12kHz_DE_data/IR/0007/IR007_1.mat,IR,test,0.291369185800242,0.20720888419303,2.80135624750499,5.11074581151898,5.50291737526374,0.135680884498276,0.360048157417532,5.89029306724562,3.07979339362259,5.4,0.613633578524627,0.129993755842163,0.30011807819705,1,1,0.00350284722857072,0.00294610361806548,0.0878904386751235,0.179962672984256,0.208304153516392,0.082563991990466,0.0822201252124871,0.613518595695865,0.613695939796899,0.614321058002351,0.52619983314722,0.525876751182178,0.0148375102752359,0.0155183562865975,0.0165564699679577,0.00355413263152009,0.00328468169457822,0.0200725911660818,0.0215094857972863,0.0281562130635834,0.00397792208282412,0.00356203554238603,7.79371793620433,152.247064938134,2.37124909807477,0.279807603691538,0.715756870740308,3.32756924702651,0.636880590033913
source/12kHz_DE_data/IR/0007/IR007_2.mat,IR,train,0.299807973597572,0.214715667014533,2.80996530938124,5.02445968565201,5.58604964272446,0.090989568744684,0.389419086764511,5.59392853301942,3.16521324344441,5.4,0.557816400020394,0.209894880116506,0.356123903330203,1,1,0.00669611078905595,0.00627150428540296,0.0797584688626847,0.145321559253397,0.189147465397907,0.056747467765382,0.0561415891112011,0.557529094416179,0.558087398455592,0.558418066864488,0.474205305957328,0.474116230965086,0.010847889583168,0.0113366745872806,0.0136673752852173,0.00242395140536068,0.00195296559121945,0.0245540307062936,0.0260993130605348,0.0367987024116289,0.00752971764569894,0.00720379517862578,4.52463484907054,107.588702397097,3.21887827162594,0.218204208261145,0.675199338226634,3.54832031165164,0.615263755697082
source/12kHz_DE_data/IR/0007/IR007_3.mat,IR,train,0.311509512381491,0.222751023714229,2.82393473053892,4.76713557393777,5.25609139239678,-0.0115426427842174,0.490779863027562,7.57111825406218,4.1537071373753,5.4,0.501483565650191,0.129825836933075,0.472716984029015,1,1,0.00278674856056309,0.00267225999497012,0.218353318851155,0.297062904349159,0.350396122729884,0.0517741497701563,0.0515483794975065,0.501175578851978,0.50220306036072,0.504199904011023,0.28392001916079,0.283544141191791,0.0320398023058436,0.034555740008644,0.0379897479212935,0.00214335990298043,0.00108505470521878,0.0530892517329167,0.0574934711639327,0.0645736061050647,0.010774994107404,0.0101354418925949,6.65573199923373,79.9524925870803,4.43762772045723,0.719619535461255,0.640675399953387,3.46964999778996,0.513388965484775
source/12kHz_DE_data/IR/0014/IR014_0.mat,IR,validation,0.190691016947301,0.110171278768918,3.60281117764471,9.54786388855585,22.2953359074136,-0.118439240865488,0.550521962356483,3.68171903485328,2.696781115517,1,0.406010754751503,0.338300802978972,0.393421647214909,1,1,0.019051476117362,0.0175286892036701,0.012261127869535,0.0781709057080337,0.104063612746607,0.0649395787218482,0.0645628436535056,0.103823788604268,0.104261596785053,0.105627636550834,0.0920790520185517,0.0918455032877616,0.0100412839354147,0.0115360771058885,0.0275585417425563,0.00522397775894718,0.00394334629329822,0.109489694787887,0.113148877033536,0.13713453903929,0.0979755968822663,0.096564601491663,0.913783948772931,7.88056324819665,0.221855637905851,1.18055767048771,1.46571175940503,20.2398606743167,0.672752562453303
source/12kHz_DE_data/IR/0014/IR014_1.mat,IR,train,0.168534983994323,0.101458522526944,3.40139161676647,10.1757237384229,20.5711857764587,0.0374504616960166,0.574894226562481,3.80801747214096,2.85821756441642,1,0.382902294921038,0.320961133960666,0.414186424137077,1,1,0.0165988818663697,0.0159298941357688,0.0217780727412499,0.076831040961577,0.0924748296004754,0.0528274071876678,0.0514442904516373,0.13085277922031,0.132800485121636,0.133329576743642,0.110789267815897,0.109239865038025,0.0131614854031672,0.0151424252479029,0.0302369834397831,0.00650581134908611,0.00529756958557717,0.126730008484554,0.13199120284791,0.151889149974475,0.109879576726532,0.108360091378643,0.94000313078212,8.04466342810354,0.364009546071128,1.50329230233778,1.30550476358302,21.5803659177588,0.572153222578617
source/12kHz_DE_data/IR/0014/IR014_2.mat,IR,validation,0.161911413974679,0.098345332062067,3.32163596806387,10.5568191141621,22.503950833484,0.0629207451405263,0.587418526390355,3.69413253561735,2.90867529372041,1,0.393228276830429,0.360614339102509,0.402428665010888,1,1,0.0213919159461151,0.0173369595768391,0.0180378100404091,0.0799454265625112,0.0981302774887969,0.0606143561541145,0.0561274018967679,0.11610148766728,0.117305025220455,0.118826385459081,0.102229801140806,0.101166770963947,0.0149877581997566,0.0182384770309887,0.0295538145054836,0.00767392829390663,0.00591410272071009,0.112352015736839,0.116891395322838,0.137972236206975,0.0951650063153359,0.0929976488872685,1.05584123585993,8.37145542994058,0.389891385463636,1.29418748570951,1.27899975169749,22.0801625809413,0.563212232282718
source/12kHz_DE_data/IR/0014/IR014_3.mat,IR,test,0.182305474589732,0.115989473027497,3.58478087824351,10.3893691190977,18.2489942805437,0.064668991057078,0.577243163621123,3.76860382675402,3.02463804602354,1,0.411331676726286,0.371572573618804,0.413279727638911,1,1,0.0174026472268956,0.0144840346409128,0.0140407035998729,0.0804099846538193,0.100519493016716,0.0639917963791748,0.0615951563595819,0.107319337850159,0.107868400040309,0.10939583122472,0.0950600583609501,0.0947160890086577,0.0161119579809028,0.0186092623544201,0.0284086423429361,0.00504278450768814,0.00438787930943337,0.123818538531135,0.127118481069461,0.144568101777337,0.0991184471119221,0.0981031580152159,1.05167143799066,8.16378161023967,0.418558587031604,1.21422452176607,1.2289896037429,20.8024687839975,0.518059372007641
source/12kHz_DE_data/IR/0021/IR021_0.mat,IR,validation,0.527694947721576,0.362379432003779,6.44664421157685,6.65026734060187,7.52738779058029,0.31012238074892,0.492430201112384,4.02576098164143,2.95102010929249,5.4,0.298730619580887,0.344300811712948,0.349263884725638,1,1,0.0109031673392149,0.00720304736705396,0.0255968459285159,0.0471206860212931,0.0568766458695956,0.0141040435171523,0.0129506247515789,0.298225470602363,0.299700330772893,0.300913040570002,0.273376442339387,0.272293378541178,0.00897820217603759,0.0102742776963809,0.0169831273254995,0.00216648945277173,0.00115795791652224,0.0746045495454543,0.077669094765458,0.106379692755888,0.0627435398079928,0.0619154224543051,0.986220900533849,48.4844640678306,0.440600868247513,0.836563796080184,0.793913463557734,4.88069627005913,0.701106808590846
source/12kHz_DE_data/IR/0021/IR021_1.mat,IR,validation,0.441019522705398,0.297973989016037,5.34127315369262,6.54067552962618,7.65107612235454,0.262726984209085,0.496715330077041,4.39989878105563,2.95873591527977,5.4,0.329621499426889,0.255286466117935,0.407226718297323,1,1,0.0186355699109777,0.0143389118502295,0.0490807171096791,0.0664980737314668,0.0734317194135847,0.00997260487860917,0.0080792999733607,0.329360911850355,0.331683037036644,0.332415559871252,0.284933120117126,0.284258198414219,0.0066143719041059,0.00811385457475137,0.014846874566873,0.00161331276635121,0.000676709786733294,0.117329337896516,0.118793552290274,0.142846686308568,0.105512787785407,0.104034775657339,1.01950181568938,36.1242532799385,0.501098267062415,1.58640687223632,0.813181940862235,4.87667465383077,0.755323252395356
source/12kHz_DE_data/IR/0021/IR021_2.mat,IR,train,0.491013926160221,0.329659515813842,5.6174128742515,6.26250854264825,7.90664496345603,0.239799030760825,0.506785264384603,4.26557051968524,2.93113619926624,5.4,0.311478397419798,0.282837077184604,0.39742944894273,1,1,0.0200872740481504,0.014386505771971,0.044090300346656,0.0616808264307981,0.0801846490246474,0.0141810272844337,0.0129657358143629,0.311448440441003,0.312307995951757,0.313407899314807,0.270424210332382,0.269686869740847,0.00616259599076849,0.00753932151748202,0.0117034327580463,0.00204526343481262,0.000915330486377657,0.112420726550547,0.117908989502034,0.13853476198316,0.103478136519779,0.100427943029442,0.881649709141218,40.5275909965326,0.436992462688484,1.34635703667444,0.811532861991267,4.82575520990283,0.807352726246887
source/12kHz_DE_data/IR/0021/IR021_3.mat,IR,train,0.446642448419526,0.304313452720035,5.67142255489022,6.94950892340682,8.22780238004697,0.325594153846091,0.533031894234012,4.74113709871768,3.3756611865441,5.4,0.313741355862271,0.245065339783072,0.399882285705504,1,1,0.0257971209014702,0.0195077193265885,0.0718243382842816,0.0944791067634074,0.109430856351738,0.0180828503741544,0.0161854185246792,0.313294535147933,0.314197572806617,0.314666088006694,0.24334423735498,0.242263408298791,0.0105021708583886,0.0112712195294378,0.0199835629660332,0.00160775463779041,0.000962560184787564,0.121509382564237,0.12365853435399,0.142753814017938,0.101286617350455,0.100034084718633,1.43927269414607,34.725286862504,0.434259453527062,2.20792938735479,0.802709881750828,5.63540813441965,0.82240968583434
source/12kHz_DE_data/IR/0028/IR028_0_(1797rpm).mat,IR,train,0.834799754986611,0.657058864967321,7.1240052,4.45658794128056,3.35438413764493,0.0981568152292979,0.800069021119435,6.04625490787937,4.84721189409637,3.7,0.173566552448041,0.212568288901225,0.423884909529423,1,1,0.0375351583199198,0.0171972143839836,0.0192274235209284,0.176618442167846,0.210469557783955,0.144203162824532,0.130377539405467,0.0106971732240151,0.0520084168969188,0.0952242541266572,0.03831918136422,0.0265900370468251,0.0215091236634199,0.0480145139797456,0.0744583694831801,0.0227721727021726,0.0124227117970775,0.0416500159219214,0.0944460437824862,0.137753338950421,0.0210048761919576,0.00991931060265622,1.94619635745019,1.22707558749753,0.691043932221629,0.579412652483341,0.533194679681793,4.13967467404131,0.782015640004118
source/12kHz_DE_data/IR/0028/IR028_1_(1772rpm).mat,IR,train,0.838780356523822,0.662518858187935,6.8147612,4.35842774812356,3.21894897333898,0.101264193095353,0.841121237828398,6.25923503393434,5.03761668706664,3.7,0.136348076938381,0.236437256974929,0.476315060463125,1,1,0.0431110094220547,0.0237407803019677,0.0344670120510055,0.133306643343283,0.181280803312275,0.0871966897745373,0.0752182680666225,0.0130145487504441,0.0427293315288393,0.0684498724752698,0.0239283538075031,0.0162120512573824,0.0181976277017128,0.0418474860158957,0.0725405606071388,0.0176763475007884,0.00741061426381066,0.0488303125876082,0.11388438794506,0.16599323288689,0.022000070230485,0.0111252004369338,1.48014919300262,1.12540589765931,0.647253349581746,0.64045843195919,0.49786398130369,3.55264685740439,0.726051233118595
source/12kHz_DE_data/IR/0028/IR028_2_(1750rpm).mat,IR,validation,0.842751944912032,0.663873929566144,7.0182112,4.49220179045379,3.29427452318841,0.139428915955224,0.845458778472231,5.91938977563209,4.61162568162031,3.7,0.166825678922833,0.263675257518471,0.476129577817482,1,1,0.0174031241473899,0.00794038862961349,0.0271348330051465,0.104059996502326,0.147643676382843,0.0692612052901076,0.0511283129581126,0.0176063465552532,0.03432279680777,0.0695115628658747,0.0228519827926003,0.00966055496217059,0.0455424971272792,0.0734430893075727,0.0850749299978309,0.0541107639716152,0.0287280659970453,0.0726764711668941,0.11658626164811,0.17314046618183,0.0150177810176778,0.00996733051917386,1.44177024484789,0.981045704552246,1.024336810977,0.739337838879664,0.499697136379996,3.70687411854237,0.68550080289579
source/12kHz_DE_data/IR/0028/IR028_3_(1730rpm).mat,IR,validation,0.824816505785559,0.648694854274223,6.6251458,4.2911002461589,3.3316751222232,0.174381823289225,0.84462914490828,6.04407650858232,4.84062061137369,2.6,0.178128831087022,0.211485795445237,0.450381453244627,1,1,0.0330551292571839,0.0172962932686009,0.0167754397435121,0.0998218321335227,0.146484869825421,0.0525675413410253,0.0431226604856531,0.012878199861169,0.0600988942284893,0.0832224020492214,0.0415123692357713,0.0255970316912703,0.0321339917521808,0.0668965932876379,0.0920596211194395,0.042496194572473,0.0190057925375069,0.0703245793214278,0.133886307809367,0.231122902496307,0.0330013985601026,0.0162834942101433,1.33063377462483,2.0112294677119,0.945206615259079,0.875404266008267,0.511800446726393,4.01456707134864,0.628960779363145
source/12kHz_DE_data/OR/Centered/0007/OR007@6_0.mat,OR,train,0.670350803675968,0.408142459308034,6.70491606786427,5.17371451577377,7.65905923586561,0.0524511623883995,0.297267835614402,4.36788111045986,2.44108239682825,3.6,0.82332097387008,0.10612047318743,0.885397716560399,1,1,0.0115427555330137,0.00998505651821973,0.823275345575131,0.824734106373273,0.825568198615365,0.604825874494467,0.603895475303462,0.0168517160513106,0.0206656169667938,0.0235397419967978,0.00366984979059848,0.00357875134693459,0.000655342458013743,0.0104444504869619,0.0185997402851584,0.00955465044772503,0.00805340355288004,0.00251439435971877,0.200956743691375,0.231152605087061,0.00222259369425468,0.00128319225539063,173.228606227097,7.96105441267108,1.45423048754391,6.66571106734182,0.79085245571052,3.29346696814836,0.500167204504952
source/12kHz_DE_data/OR/Centered/0007/OR007@6_1.mat,OR,train,0.591809925971128,0.36766148001902,5.94553183632735,5.16943696241905,7.54753006493307,0.0323797552828994,0.304552412559432,4.33063301311652,2.3466176987721,3.6,0.799606068419281,0.102503104912884,0.893253935428493,1,1,0.00953333646884706,0.00673768462078037,0.799476163791531,0.800232971568408,0.801289335917596,0.625028265462754,0.624717448930669,0.0131084820506495,0.0178877117396457,0.0234807964541357,0.00482395236066892,0.00449039383139186,0.00118103234247287,0.00993693481145169,0.0199529525234953,0.00879407478332058,0.00780477915761393,0.00364606894115691,0.17193959352691,0.206904491471989,0.00308822524922909,0.00214236411702608,102.75343169872,4.22468120028668,0.963051444875517,4.67418944804724,0.667331078240019,3.28803309635921,0.536712518741278
source/12kHz_DE_data/OR/Centered/0007/OR007@6_2.mat,OR,train,0.569844818523074,0.349190981621112,5.82370548902196,5.2808333946095,7.80684883964331,0.0180489067659301,0.273759798220767,4.21187214634249,2.10721238717896,3.6,0.827561056888237,0.0865858184167584,0.916183336194827,1,1,0.0109625727189899,0.00837480206970969,0.827420199313796,0.827832106774599,0.828484051355575,0.66821444685412,0.667917404220269,0.005951187996207,0.0113226046706912,0.0151298909677962,0.00554393713337121,0.00479113082818055,0.000859800164954252,0.00939247224687877,0.015198949278744,0.00880040580309814,0.00785061646072018,0.00454676688854414,0.170818012262273,0.198380742273572,0.00340635671877363,0.00194008435523444,127.909771382822,3.69493560649048,1.48427273507738,5.75047558510819,0.789703146364447,2.91274263535831,0.517479048143342
source/12kHz_DE_data/OR/Centered/0007/OR007@6_3.mat,OR,validation,0.580387329614546,0.355056674187276,6.12299221556886,5.40948527301296,7.95631301994114,-0.00526349967705932,0.30095009495014,4.6080415484367,2.61062387646837,3.6,0.837271588743141,0.089517900891466,0.902465175974765,1,1,0.0112191407761407,0.00978157039917962,0.837152984217414,0.838369832580048,0.838923292105317,0.596373470756635,0.596084347535609,0.0259102107143903,0.0284702317565018,0.0316708807470463,0.00244148570721456,0.00211241480557943,0.0011886810676886,0.00932254620453273,0.0198521013795614,0.00838152255620248,0.00732536345578174,0.00391058145932417,0.213530287643853,0.245815159000152,0.00184909159022363,0.00135342524344906,143.783046691405,9.77066857457081,1.13724116481099,7.45659337235477,0.796857555536904,3.14796480592898,0.521634964755801
source/12kHz_DE_data/OR/Centered/0014/OR014@6_0.mat,OR,train,0.0994898877925243,0.0793343303345888,0.773082395209581,3.97171780893367,3.03050476082718,0.0026280735092228,0.867610282381915,6.04897213865063,4.53783983500943,2,0.195334718417361,0.276306732440146,0.627008760932608,1,1,0.0539218212806335,0.0237378383587121,0.0750083449283715,0.126006600857138,0.151890297431969,0.0600080093972916,0.0294415413188544,0.0209977221460188,0.0644537814523407,0.0966503896623532,0.0317501913903266,0.0208725935395654,0.0194953091545885,0.0430190864229444,0.0757691446630989,0.0198902846179675,0.00800912137025933,0.0565371801075111,0.129062084165506,0.201930785080823,0.0338728835755088,0.0150902325793761,1.49721426656231,1.06986627286477,0.845548013068185,0.821978903030941,0.497701245773571,3.36036951160244,0.261648656633624
source/12kHz_DE_data/OR/Centered/0014/OR014@6_1.mat,OR,train,0.0938153291508229,0.075035681580392,0.732686586826347,4.16900460906026,2.9279287746575,-0.00661458327631347,0.861047952101179,5.90471604137372,4.54034839818538,2,0.176047624671815,0.251030510496956,0.621363314617963,1,1,0.0567387980686403,0.0225710477040417,0.0703553838712039,0.0948070928017768,0.128803861672915,0.0378419081890774,0.0202722592759497,0.0194431283808915,0.0568963360555653,0.0780425851279235,0.0355835368964683,0.0187513807155751,0.0282950328963665,0.0518741226119988,0.0804019436728696,0.0275188960082163,0.00994520824126921,0.0783292726053674,0.147648249403289,0.20824488684751,0.0510730309311227,0.021104207443402,1.26848050513044,1.03222562184259,0.91923452924396,0.904053934145449,0.515059455458121,3.40733965751956,0.273116244129443
source/12kHz_DE_data/OR/Centered/0014/OR014@6_2.mat,OR,validation,0.0976373768000368,0.0777498942034578,0.749210299401198,4.08151628005139,3.01138786548831,0.000397580693678775,0.841039400079388,6.31777793271427,4.7003287508701,2,0.185380201236413,0.237340622226167,0.631250899025308,1,1,0.0342320665513384,0.0251680802412618,0.076361314893835,0.108315290296133,0.153756228499316,0.0724677663688069,0.0519958885323429,0.0164824582957402,0.0499058171249985,0.0722289576932443,0.0324928113428028,0.0222572433878359,0.0237407240031125,0.0424236089781211,0.0685598424548662,0.0207113558754635,0.0109222690761904,0.0519607138154995,0.107637977829204,0.163925858224965,0.0210559244540187,0.00983856903934789,1.2807387832108,0.905523309948462,0.879709630539013,0.757024153890735,0.526315667482901,3.2503514649191,0.293537556676491
source/12kHz_DE_data/OR/Centered/0014/OR014@6_3.mat,OR,train,0.0948227132292786,0.075138966141073,1.11285377245509,6.0461827717566,3.89550228445288,0.0178163898570688,0.856683155498975,5.92012545198722,4.76457117992061,2,0.171603047001076,0.291608171136807,0.476660821157737,1,1,0.0371172937318852,0.0204416253525663,0.0385812206896445,0.0837612329618733,0.127136664802297,0.0434297822546661,0.0216297868946622,0.0255057315355409,0.0601591765695947,0.0839081273721443,0.0373383474944892,0.0190882981814607,0.0228988209637519,0.0477441167086974,0.0824115672879279,0.0278834617021688,0.0130593351600208,0.0637868546995367,0.131027529472995,0.183927519053142,0.0284735950380515,0.0161411136028208,0.993682546468947,1.05139616574861,0.87931789153215,0.757890545148571,0.527645299112571,3.60933593287311,0.309844187198556
source/12kHz_DE_data/OR/Centered/0021/OR021@6_0.mat,OR,train,0.584356116148282,0.294917906253689,10.7320890219561,9.64352481495233,20.1518961573742,0.102132559976555,0.49369584184865,2.81796017139664,2.06516194868705,1,0.321962610439909,0.479413019056909,0.495487727921758,1,1,0.0243236469021884,0.0190984831989465,0.225915001611571,0.228833340462879,0.230616915993458,0.199305959896763,0.196574951686509,0.00561566551140782,0.0241534440949269,0.0432732786356365,0.0194211508253412,0.0178646644261477,0.0010943756782883,0.060002245966193,0.0660429558036288,0.0595270522715777,0.0588218853488377,0.00390101517049682,0.0929940912629657,0.203843628522273,0.00635478241167559,0.0050205485330961,17.117474026408,1.82985310150654,3.12224418360917,0.802947370863602,1.51060714297077,13.6946608641284,0.610889967860887
source/12kHz_DE_data/OR/Centered/0021/OR021@6_1.mat,OR,train,0.556423448176478,0.279350937099403,11.3176676646707,10.4691458544351,21.6550529052672,0.138689666531723,0.518650369883844,2.90247942456005,2.17681383440238,3.6,0.230889917265204,0.484858641232044,0.54072903064265,1,1,0.0397093201863425,0.0342198104287155,0.210525234599684,0.214533923530229,0.216351078167549,0.189736663749384,0.18625227299582,0.00427602986524306,0.0303835404412066,0.0567457546892787,0.0261374381471766,0.0256867733346953,0.00111724097477391,0.0560283425337874,0.0658737354079807,0.0554709972080615,0.0551481445723343,0.00743237641884135,0.0916849585102278,0.184254594015422,0.0106753750583869,0.00574776630829455,9.6677141619442,1.90816650937344,2.30992903712424,0.834338585767436,1.51936945442687,16.3046768516464,0.532848551722071
source/12kHz_DE_data/OR/Centered/0021/OR021@6_2.mat,OR,validation,0.575421154228816,0.280337163486094,11.1442681636727,10.6109827257477,22.4795450024567,0.179175000337245,0.511113026600275,2.82544812128632,2.07530046903522,1,0.30517307732819,0.49404251185658,0.532803804666863,1,1,0.029034887044855,0.0226704552853896,0.203636623434199,0.204531782109416,0.206493648658693,0.180667211775278,0.179402732579739,0.00226670255593757,0.0267213047388433,0.0557237069075208,0.0243044063014945,0.0239220809429251,0.00148069448627507,0.0547932415623983,0.060808052910472,0.0535429135404386,0.0525494355255318,0.00567698936943017,0.0881983515620372,0.173270876185708,0.00786567864719059,0.00487592786943284,9.19108366044102,1.48576245136815,2.24806405394939,0.813161583183356,1.50994148052751,16.8670785690041,0.536975010808201
source/12kHz_DE_data/OR/Centered/0021/OR021@6_3.mat,OR,test,0.531854299701422,0.261472146373776,11.3071093812375,10.9446882502686,22.623145382005,0.0974519390290434,0.539626864384565,2.95584403208741,2.30240080185704,3.6,0.214109976786552,0.473171662516103,0.542338138411726,1,1,0.0399802788068647,0.0357568195204377,0.213833293221182,0.216433116423257,0.218915941905809,0.184852496423146,0.181622044743303,0.00570101469586579,0.0300633744791798,0.0641162627717413,0.0244276855090624,0.0237439544457672,0.00126162188668529,0.048687665367271,0.0557917454748879,0.0471336746885906,0.0466270013986227,0.00379759601031674,0.0861536754316494,0.168662797414171,0.00651783303271311,0.00546370905131639,8.03799477361908,1.45652360013977,1.57890071607106,0.785479816781881,1.44793993121755,17.1480477308768,0.477840712341642
source/12kHz_DE_data/OR/Opposite/0007/OR007@12_0.mat,OR,test,0.243792740703127,0.166060112379304,3.13369852295409,6.98406745551717,8.12593919756952,-0.0418875783477562,0.6516856510093,4.51812341537901,3.32400050763607,3.6,0.300788296045292,0.282006820377909,0.625643448471182,1,1,0.0735826126081563,0.0610593553515116,0.296799777176973,0.302846615853072,0.316651818240042,0.203722130327743,0.201811633885531,0.0159727531200588,0.0434392467010546,0.0780239602214375,0.031382978295173,0.0217963940091385,0.00892598165527337,0.0441981749928264,0.0702848925930145,0.0368902946058891,0.0302096651459256,0.0201402715191119,0.145647649175654,0.241611896183463,0.0224314883692417,0.0144822611897169,6.18362442892883,1.34827338909293,0.961654375769348,1.3554931482526,0.741517230942826,16.1324728512945,0.324359075718089
source/12kHz_DE_data/OR/Opposite/0007/OR007@12_1.mat,OR,test,0.234961700486933,0.161040405177136,3.15806379241517,6.68973962988726,8.16272456245867,-0.065077610279559,0.697605410816422,4.40285878156298,3.738098401071,7.3,0.157452600546955,0.406988830755761,0.420530304798402,1,1,0.0979867357230394,0.0892081504007173,0.0357578029206174,0.178719366117197,0.196460045200449,0.0366319681972773,0.0275856871263948,0.0102986222441287,0.027619285711,0.0443309818895019,0.0156563154003859,0.0126079373567741,0.0151088539248531,0.0330004585914646,0.0394043792936652,0.0173225752595071,0.00914457614395816,0.03292401827338,0.089427600948444,0.258721286004216,0.0362186336225279,0.0191276183935668,4.63340319028977,1.37840471467923,0.791896109246919,0.561936580863044,0.775970398956094,15.988940335498,0.338603269755643
source/12kHz_DE_data/OR/Opposite/0007/OR007@12_2.mat,OR,test,0.271057305292605,0.177425459720854,3.56756275449102,6.88452353775468,8.53003683673716,-0.0143816076971574,0.625937773267001,3.99924472346613,3.2515338707757,3.6,0.262670944141278,0.347732411632924,0.560318991102521,1,1,0.0439610979280127,0.0390726846111905,0.262309014076409,0.263246243340764,0.268207748922494,0.18917231589432,0.18769557214532,0.0186716217159285,0.0406908936048195,0.0715972320155732,0.0170609556421204,0.0146152779883494,0.00515733412289258,0.0513438883716342,0.0702687388690083,0.0462410899002105,0.040735663286849,0.0158184522380928,0.122216547576604,0.208666013375784,0.0179071358665622,0.013362740804116,7.27058142390982,1.52449171594354,1.27063195763261,1.13385384077876,0.972807404368179,18.2925244589476,0.376869199496146
source/12kHz_DE_data/OR/Opposite/0007/OR007@12_3.mat,OR,train,0.255954069251355,0.171531868840342,3.12232806387226,6.33185061487795,8.13298579811499,-0.0315275703202365,0.617878858221925,4.12456414142102,3.16197284411757,3.6,0.273966504793733,0.340337778615774,0.636923289271672,1,1,0.0427875989897025,0.0359255634798043,0.272968649364366,0.277546518368067,0.283702197091409,0.20256730482,0.201114956304647,0.0194829476120899,0.0338763497728178,0.0704996013286863,0.0154053721377143,0.0139992962601807,0.00435212403309215,0.0508360615680578,0.0670411466395861,0.0471457739819939,0.0429915613529769,0.0126748194565114,0.120009752739511,0.192362395885854,0.0145208940870173,0.0105062139508339,9.18843350348958,1.2325241446661,1.16246804320253,1.00127794496622,0.87339745304432,17.3009685292297,0.364742367061314
source/12kHz_DE_data/OR/Opposite/0021/OR021@12_0.mat,OR,validation,0.381324893824469,0.167484173276044,8.43931716566866,11.1226105702027,33.2944933770697,-0.315208951281995,0.548383282849846,2.61005391044831,2.25511512684299,1,0.347232418954026,0.577497477810474,0.520507371285662,1,1,0.060787163624752,0.05644120370847,0.0951416603751346,0.0988617471694461,0.100579532859216,0.0814375839487783,0.0787007512972628,0.00223389210123935,0.0280052583313189,0.0484515993883941,0.0254526817116227,0.0248938920334202,0.00217926682155553,0.0383804218255813,0.0453606738058107,0.0361643247508553,0.0345024826254407,0.0101816512060836,0.0675920521210847,0.159057062551293,0.0134707203372747,0.00915091515701889,2.33161875042569,1.63339018234867,1.72698235493971,0.506871266235603,1.79294359453552,19.3717944748805,0.544035239680703
source/12kHz_DE_data/OR/Opposite/0021/OR021@12_1.mat,OR,train,0.352088366204645,0.158353733984959,7.93779870259481,11.3456114441325,33.2313617706175,-0.404207859425137,0.554425961248086,2.64947998045702,2.34260685448791,2,0.164334586631287,0.571934618812777,0.54533050023442,1,1,0.0546131716507992,0.0501460675082988,0.109608370292264,0.113841389048798,0.116230806914198,0.100408218983247,0.0982046613098619,0.00358020171059609,0.0289954045507214,0.0479666280885046,0.025805139270914,0.0247962128734981,0.00220340105973054,0.0338275788439564,0.0429809331454495,0.032567325497966,0.0303052631742865,0.0105302582027667,0.061760096854038,0.148145758825388,0.016682454521603,0.012099087606103,2.41900276585391,1.65636929815696,1.5175170759119,0.438727689945722,1.72442931204317,20.2843090610235,0.504852160853663
source/12kHz_DE_data/OR/Opposite/0021/OR021@12_2.mat,OR,train,0.346356693827152,0.157268719605888,7.25516506986028,10.9252589364184,33.0601590353671,-0.417147705412077,0.55489899450525,2.70351850667778,2.40511092760666,2,0.163422598345349,0.561500604881682,0.534997274450746,1,1,0.046574861832207,0.0417371982534789,0.113779532024138,0.11745054990601,0.120167728061799,0.103479695307542,0.101693558325902,0.00315240293697267,0.0295577165922937,0.0513259418606265,0.0271546088743834,0.0255308866116722,0.00211235720443244,0.0370981697678036,0.0464371695353575,0.035927723086446,0.033412750799809,0.0109781988484414,0.0674302312225592,0.153955902360684,0.0136689774125922,0.010878511561951,2.67468907265198,1.60794604747173,1.56824590018388,0.477433670046938,1.61918441127177,20.1053956362894,0.501053181756909
source/12kHz_DE_data/OR/Opposite/0021/OR021@12_3.mat,OR,test,0.310693028509713,0.147663638039149,6.90592954091816,11.3867666124206,33.4629699074897,-0.470893547058022,0.553148005697473,2.69880831518014,2.60056281115287,1,0.349050359125653,0.57668218538808,0.537552807904976,1,1,0.0545801734441866,0.0478260248438778,0.106933127541442,0.111321094897638,0.115128261226289,0.0985742468286424,0.0967833198431491,0.00304381855503364,0.0313307110461634,0.050953878885009,0.0262600874937965,0.0260146637976084,0.00174374433177217,0.0294513506807078,0.0388676582168269,0.0276341885214651,0.0262008885338395,0.00808957732555221,0.0576064314076287,0.142916971279155,0.0124770057680714,0.0105804375867187,2.47886404222902,1.72783091400037,1.39673652109278,0.436206009579491,1.53162151547495,20.5525756077849,0.465278722668111
source/12kHz_DE_data/OR/Orthogonal/0007/OR007@3_0.mat,OR,train,0.766883338813861,0.573140431941994,6.19324540918164,4.18384465893294,4.22137511501135,0.0656545310833025,0.502176580490503,4.94128260126429,2.84662673704117,3.6,0.417655567636666,0.127137464261937,0.893491026297229,1,1,0.032712494344433,0.0323670768689842,0.417504009462699,0.418428979775024,0.420031660127594,0.313795030203025,0.313189208144681,0.00099204877683108,0.0614774504184547,0.173471046610505,0.0604761946831313,0.0595664778977623,0.000862010978969849,0.0043321201123392,0.0644468304721022,0.00359493578490081,0.00303048987319025,0.00449007938182796,0.106754078570425,0.1799361644902,0.00588839279088108,0.00347558171850588,7.27825250115767,1.02473876090875,0.0492828265233525,1.01551467863247,0.666682629090852,4.3701076233419,0.972720033880763
source/12kHz_DE_data/OR/Orthogonal/0007/OR007@3_1.mat,OR,train,0.847901172519764,0.646860916588121,6.52095828343313,3.97725698089455,4.04634131174271,0.0731762898174751,0.482044121502271,4.69977653251741,2.70768327319027,3.6,0.433298472480207,0.118534201546243,0.937331005314132,1,1,0.0479962410834782,0.0477313921478125,0.433250233761561,0.43405060438402,0.435298039888581,0.356228460839762,0.354864798834018,0.00253202902116733,0.0482560494596004,0.131144614463707,0.04510522542921,0.0442237525883382,0.00117831411704866,0.00402733629751253,0.0692567743840502,0.00280952223527888,0.00194269450343014,0.00286793974890256,0.0749997834848005,0.150556811676408,0.00284699610233803,0.00206938258127506,4.85129617196276,1.10343015440935,0.0508249108466931,0.741699441392839,0.616319617045113,4.71574859048761,0.97443475813169
source/12kHz_DE_data/OR/Orthogonal/0007/OR007@3_2.mat,OR,test,0.852855921107964,0.65532173792869,6.73618483033932,4.09578716829667,3.99970623193337,0.0728468137575954,0.490467251231182,4.94466943440655,2.95025549827099,3.6,0.46634280650051,0.143871072182998,0.950420291825809,1,1,0.0660398494760596,0.065113062989925,0.466293109372304,0.467769302162871,0.468227067849586,0.342636053963674,0.342095717534487,0.00152218281845953,0.027457651875197,0.0737352817697621,0.0259249033387636,0.0256351116494415,0.00440705048405185,0.00607220156126888,0.0791089917986886,0.00415173584284376,0.00329295513359698,0.00757846803927592,0.142801507343175,0.232660748345773,0.00532496876868656,0.00317840327306215,6.01721874267819,0.85319672570795,0.0932247225654625,1.46054834927067,0.608947747085112,4.61705286018194,0.971723469534724
source/12kHz_DE_data/OR/Orthogonal/0007/OR007@3_3.mat,OR,train,0.796126135607559,0.605803937943764,6.48278602794411,4.18903958978075,4.07609426387977,0.0831718078587582,0.518670158164219,5.41430713990957,3.11869896174219,3.6,0.425175488277845,0.106020534288258,0.930786800782456,1,1,0.0397659353752685,0.0392276442956039,0.425038598007859,0.426643858511352,0.427891033326233,0.259556479855025,0.259283605617543,0.00335857047722992,0.0352062243625741,0.136250716010338,0.0310303626747464,0.0300082429179091,0.00383014753845637,0.00842869955288976,0.0721842020768448,0.00455795846710608,0.00319892624662367,0.00984869849414001,0.161870680446641,0.240387458685726,0.00433840120805903,0.00252815632158433,5.7781570440674,0.71878992765338,0.101262473166033,1.48036023067659,0.629491836370594,4.43287389052768,0.973118958593043
source/12kHz_DE_data/OR/Orthogonal/0021/OR021@3_0.mat,OR,train,0.315104088863173,0.222351615957916,3.94051381237525,7.06391282905201,6.69116274046453,0.0820594549880047,0.466159946186217,2.87471787302943,2.72125930155331,1,0.449914199364547,0.539218215448669,0.437962766984307,1,1,0.0167351445923543,0.0143468337268545,0.185004658996772,0.185720014370523,0.187494224022011,0.166401332188661,0.166277848854031,0.00359188917658842,0.010262259139856,0.0289447532894834,0.00570026702545959,0.00499137428264433,0.00153307772791637,0.0211688392586625,0.0387370808016306,0.0183584160961166,0.0180571339124291,0.00833635692546248,0.0385773201625904,0.164452658427942,0.00356302784186532,0.00273936399234927,7.63503613736355,0.906981927101243,0.924706619504274,0.325231004669895,0.942104344115652,7.14935905641227,0.554906594050853
source/12kHz_DE_data/OR/Orthogonal/0021/OR021@3_1.mat,OR,train,0.282730719049758,0.199652646018261,3.66583600798403,7.07886519070335,7.15808534573807,0.134775733275606,0.48637494264766,3.28782925179518,3.00354259032849,1,0.391725865009658,0.472720074432944,0.485031148835002,1,1,0.00681434757725005,0.00551450216483517,0.229735419733532,0.230800530147125,0.231954328479844,0.193022564888678,0.192452877983055,0.0032137468964257,0.00983400301373607,0.0374439889147595,0.00237193708575342,0.00183365851911876,0.00153065446223305,0.0226471459939511,0.0414763054651196,0.0177071918619855,0.0171890664029718,0.00995934697870485,0.0608949739349283,0.176195445476938,0.00235544314174049,0.00169526416583953,7.60556559848794,0.509229685117806,0.751622164872753,0.526618137041973,0.937545864636908,7.49472928880371,0.56729231372257
source/12kHz_DE_data/OR/Orthogonal/0021/OR021@3_2.mat,OR,train,0.281601614054838,0.19804958886174,3.40983824351297,6.41841043610949,6.81735748870379,0.138422750290622,0.494832508603068,3.12435766039257,2.88632215386834,1,0.404827319512157,0.491454883037178,0.477293750003995,1,1,0.00820561246075004,0.00534386465143506,0.210660649358507,0.21210468407584,0.213620437506374,0.17654368122489,0.175043153834578,0.00474248698894066,0.00987610417096337,0.0455907628424928,0.00245998267487997,0.00159246694502981,0.00174518585874629,0.017393912686625,0.0318402564338093,0.0150917329617404,0.0138072075768586,0.00848573991603547,0.0538811584451867,0.177792221406845,0.00518099650655257,0.00367778526368465,9.32559097801861,0.36951516270477,0.557666554752129,0.423567840271863,0.946889040077387,8.2426282109062,0.569186851870876
source/12kHz_DE_data/OR/Orthogonal/0021/OR021@3_3.mat,OR,train,0.27703331867721,0.198395645554944,3.17349512974052,5.98637958637597,6.1184267461236,0.127449294434887,0.500096097714847,3.33066333480569,3.0816823202807,1,0.393258097216243,0.471282100924923,0.478280897233817,1,1,0.0108485110061619,0.00991555620549707,0.2108129805969,0.212505777672525,0.215551642672687,0.170599165945957,0.170364806075029,0.00336157558640697,0.00825132579005745,0.0353962490365894,0.00162479894571957,0.000651934405428455,0.00263878297883871,0.0302198817805638,0.0450623027943303,0.0274726944141109,0.0263039314968355,0.0140518622433453,0.0695802511765782,0.179505620038377,0.00359236555512654,0.00254951124028531,6.98321397429828,0.426518010109598,1.12886068359897,0.599802224192041,0.976983152103149,8.12487485849782,0.545374370772471
source/48kHz_DE_data/B/0007/B007_0.mat,B,test,0.146403589298481,0.115821649001034,1.23521169230769,4.55460425795657,3.10227891181094,-0.0159090597190723,0.757316716651204,4.71159383506702,3.49985717993933,3.6,0.218192627705811,0.284370753336051,0.663630899643142,1,1,0.0449015590651996,0.0251681853850025,0.214382007708289,0.224398123250092,0.243822053176944,0.149626725706269,0.139408181033516,0.031259542213834,0.0911760533554968,0.137804123499196,0.0843240606356638,0.0465755956375652,0.0285466210125366,0.0442318456893791,0.0743893244975635,0.0317104935103161,0.0161152985240312,0.0472337535600425,0.139567644662368,0.208445512358278,0.0360889038608754,0.0171913042091093,4.99862082359711,2.28726284086316,0.705514813824891,1.01873923111317,0.547868266636056,3.69630240807984,0.665852418726327
source/48kHz_DE_data/B/0007/B007_1.mat,B,validation,0.14069963892477,0.111409556598779,1.20767446153846,4.36400480066741,3.04300466616704,0.000192923762753712,0.767897242191555,5.00708049270751,3.72450934470046,2.6,0.161128345189559,0.231547073718615,0.596167997589089,1,1,0.0400620324801809,0.0240829539229935,0.106223665621813,0.162494379866084,0.179139595171354,0.0912946449302764,0.0524003667285066,0.0390134037574071,0.0682712136684497,0.121559418386611,0.0399740401746419,0.0230654478417865,0.013725449990232,0.0306787428394627,0.0665424181611087,0.0172015636854159,0.00795911931513328,0.0536878404457659,0.120704104542323,0.265565601004109,0.0329210848732243,0.0200781286735311,3.25906009400347,1.65632405201203,0.579352861944196,0.745918239334816,0.552537896803179,3.16457782942071,0.708266620809159
source/48kHz_DE_data/B/0007/B007_2.mat,B,validation,0.136965510668359,0.10911647410961,1.18284923076923,4.41609321566732,3.03145527671015,-0.00209905082566481,0.821464359641255,6.12630938802477,4.18472609065833,5.2,0.11053054190601,0.15900982254753,0.589479523907409,1,1,0.0296946201480944,0.0157811013471092,0.076332460323431,0.0964614317063513,0.14265522005779,0.0373750590418726,0.0312128118454559,0.0419690644403123,0.0835643225525647,0.178807079662322,0.0469056408802511,0.0269675653159566,0.0126697943017558,0.0362330448904348,0.0610161257068408,0.0240013231336156,0.0145414846999328,0.0509769122456393,0.102715322378955,0.197681365313477,0.0375524982124933,0.0155789919032921,1.09620946740341,1.20549372615055,0.499212270453128,0.555296490177157,0.524411362318227,3.55487306407014,0.737880872013728
source/48kHz_DE_data/B/0007/B007_3.mat,B,train,0.141082545481808,0.112668962148337,1.14488123076923,4.3357126854287,3.06158168968735,0.0276993687228247,0.812124221444145,5.91225095795567,4.27086093838554,3.6,0.181198504519733,0.206884760633357,0.566014760021289,1,1,0.0212908243197035,0.0145495434313021,0.167211958445036,0.214741538661665,0.234811064573597,0.102331902827069,0.0750068702243093,0.0543732423232547,0.0885723609352979,0.151640295272297,0.0340882793723001,0.0269873490522844,0.0161638650647232,0.034417029001895,0.0694180825265986,0.0211276469407405,0.0150456666235629,0.0500877703235652,0.154126984200508,0.235920170902205,0.0322608890879662,0.0181119180105947,4.48553971231939,1.6220282315483,0.486458101482716,1.06444040177615,0.51886467923909,3.22437961381379,0.717248398888064
source/48kHz_DE_data/B/0014/B014_0.mat,B,train,0.135310383480415,0.094309807004095,2.23135015384615,8.82010270671472,9.98007485613444,-0.0155293533092774,0.764968840409591,3.67837948328019,3.45032903007644,4.5,0.111687248107765,0.431701886036297,0.504326779071526,1,1,0.119188261106249,0.0678897067058216,0.0184231399975443,0.0439801215452505,0.0720402854266458,0.0323418324415305,0.0126172000459238,0.0236474381982492,0.0440436705309175,0.0530681200474054,0.0383895856164079,0.0185317583999761,0.0345694537107367,0.0844651194750581,0.148033236479078,0.0643896154413127,0.0412021977301489,0.0502536601932974,0.121053940138655,0.214693064727267,0.0290498058395122,0.0133839414469211,1.15396884674756,1.03708808375898,0.929143381107615,0.787200217719007,0.869474024903116,13.6666972228409,0.720143096614658
source/48kHz_DE_data/B/0014/B014_1.mat,B,train,0.138456961864832,0.0963775375267177,3.46656184615385,13.4898283275653,16.2375522550811,0.0640179177769845,0.780548740564911,3.50207971544997,3.41824684615692,1.2,0.272273459471451,0.522730345647079,0.526798586865712,1,1,0.0887097316460066,0.0539447212217466,0.0258178407827616,0.0459422978556709,0.0687470035167348,0.0220951829185139,0.00912946584440854,0.0146772856720818,0.025176415009889,0.0418824375768432,0.0180123734193727,0.0124005255196992,0.0234454501508772,0.0562967467181668,0.079627329058559,0.0436571452648391,0.0300343318839849,0.0676910470383285,0.122775668226863,0.154176762611932,0.0347641301575699,0.0210578724534254,0.782065266781153,0.823526924819291,1.49893275088503,1.0675462602118,0.985349849151328,29.4565408770169,0.786810716060755
source/48kHz_DE_data/B/0014/B014_2.mat,B,train,0.169273564754163,0.108590317608528,4.07446707692308,14.9752240207888,24.5315641817202,0.240606345070995,0.749398767377192,2.98806575288212,3.2927521391301,1.2,0.212869376459465,0.555333751402937,0.527891491284664,1,1,0.165344732295868,0.127987402101591,0.0246554551722344,0.0558630153593498,0.06535223161984,0.0325883867194232,0.0165143542868483,0.00998140224275833,0.0222949138007888,0.0319008927237491,0.0134342166349491,0.00600260981107515,0.0264791647353537,0.0382003041720342,0.0543828612419256,0.0296892383438895,0.0168892592357088,0.052371654725896,0.0919579666782136,0.142461024193922,0.0466642180971328,0.0240443787638639,1.12716888804369,0.794363392955597,0.949297179610894,0.781983926896036,1.08576552212262,45.2141949341594,0.824667579156977
source/48kHz_DE_data/B/0014/B014_3.mat,B,test,0.177649679295285,0.120523924602309,3.90924369230769,13.0320239926606,15.0341875104273,0.274971171663844,0.712137778945038,3.45066956115987,3.5389068411895,1.8,0.13494443454768,0.505753835029976,0.632073618867095,1,1,0.216888601644919,0.189944963058685,0.0335903406731544,0.0520644526254155,0.0692630441949203,0.0208309665744752,0.00931878056307677,0.00730834826845217,0.0357014639780381,0.0492458835643408,0.0283767008079857,0.0140834186460537,0.0237863238484388,0.0524935363088286,0.0650210324497584,0.0327386760805319,0.0169394572397967,0.055891812857524,0.137631477949442,0.188815640605144,0.0684507440272426,0.0359501731771873,1.07448914356777,1.06881478658019,1.17705947450561,1.16960545190489,0.98216024618552,29.1031342990937,0.808533910412509
source/48kHz_DE_data/B/0021/B021_0.mat,B,train,0.34905151036481,0.278857824820517,2.845796,4.3057283415377,2.9973882778533,-0.0082439747162298,0.816262094593353,5.30289968636577,3.81211373180545,3.4,0.0983398745481323,0.271911269720271,0.531486316398737,1,1,0.0479900593410459,0.0229646534849097,0.0920214121424598,0.125950717203246,0.175900392785389,0.0676021774916374,0.0394830435344316,0.0597732061876914,0.0804782316858772,0.118586985270301,0.0586330793117031,0.0322041715655416,0.025522322708074,0.0420265188534411,0.0769163902787751,0.0264092253419942,0.017632748011293,0.0743295830072717,0.139269480823274,0.204907959761755,0.0405806571584855,0.0292008623019042,1.72923225355029,2.12791917365184,0.76720241793058,1.1965406622336,0.516082682038053,3.57006104396888,0.925380852312582
source/48kHz_DE_data/B/0021/B021_1.mat,B,train,0.222482310966092,0.160954385356692,3.54646153846154,8.01625856696919,8.20628656913306,0.00666547402178022,0.803593670418409,4.03238336077273,3.65816229739318,4.7,0.0903274793873284,0.416045478372404,0.611981433122673,1,1,0.0964673355920348,0.0464691313523876,0.0524360989049621,0.0653044298038943,0.104476557466091,0.0329311061385723,0.0188255278280724,0.0535676043803741,0.0824658441840307,0.0934520475158067,0.0661113413654234,0.0408135398002742,0.04738468232425,0.0883526355314833,0.10299161037001,0.0729271627111157,0.0278189887603947,0.0794283291915307,0.120430962252356,0.186521484888329,0.0276940090223725,0.0189819988402301,0.778789311197739,2.94132716139309,2.63858651586983,1.22926858120437,0.746509927562874,14.0140633251255,0.942570550825474
source/48kHz_DE_data/B/0021/B021_2.mat,B,train,0.327859879880312,0.209578541351429,6.804408,10.4313422003654,17.5960031788996,0.0473834375539715,0.779839194361253,3.82556736395403,3.51380507136277,4.5,0.0901390979786379,0.314047934491267,0.501077125529608,1,1,0.120023472121057,0.0898724772248537,0.0392795919788427,0.0975528687641507,0.134282225101611,0.0682202285421959,0.0246431458348258,0.0158971805577246,0.0207543770456127,0.0388873172449548,0.0189987801905481,0.0120680634588832,0.0289660392235089,0.0938172931128892,0.163353532005425,0.0758878159965835,0.0560941780370881,0.0772602137655268,0.192876787410326,0.27974861275382,0.0596908425264608,0.0435304167125648,1.55967861271713,0.462530306725807,1.61509965643437,1.81546136272286,1.01577574033944,26.4084875042954,0.946278018507526
source/48kHz_DE_data/B/0021/B021_3.mat,B,test,0.386589072108547,0.246483009659186,6.83570030769231,8.8686338488651,16.8656788632014,0.0450790319249486,0.796278128210133,4.2747751856153,3.71994074928121,1.2,0.321936547167251,0.350122282098157,0.538559067622954,1,1,0.127384345113279,0.0806203982862515,0.0357690035194642,0.0942969500346902,0.127198156174428,0.0561535907410053,0.0300333572296369,0.0142805993475574,0.0282601701740412,0.046391282257677,0.0203092574475257,0.011205009755534,0.0436795768984924,0.111535425041915,0.134580151119523,0.0903529731757211,0.0363369521138036,0.116550559976057,0.221848492683192,0.301726966448827,0.070042145156556,0.0434269301399078,1.57720585749877,0.714853337390635,1.82701647351821,2.06628277788692,1.04927017741396,22.1722937580103,0.938344177686372
source/48kHz_DE_data/IR/0007/IR007_0.mat,IR,train,0.582418781984839,0.414589643678876,6.073452,5.48479908096777,6.07021461774846,-0.000247905085252448,0.429143652547936,6.23335694890286,3.40350836676027,5.4,0.52540934573116,0.106691053332747,0.288813198671181,1,1,0.0102629642864991,0.0101236881054071,0.0775487888876592,0.196514780388204,0.249087376547813,0.102770758848389,0.102495478789447,0.525352638615243,0.526028412643576,0.526661591269336,0.450569713315943,0.450116332259275,0.023787175830068,0.0257072894596449,0.0292678535560852,0.00222062704496235,0.00158771388166242,0.0392199235369751,0.0415812354911723,0.0528143875994191,0.00122140164571943,0.000565710123134526,4.90325241989203,99.3461692444139,2.96699632850313,0.64525075763143,0.668107691561006,3.87347839273818,0.703232635708945
source/48kHz_DE_data/IR/0007/IR007_1.mat,IR,test,0.276333892535968,0.188666773154236,3.12589292307692,5.65293229167386,7.38095051907669,-0.088900246231918,0.367884618413616,6.33620758181486,3.15235883559896,5.4,0.640680044752237,0.0817468679304297,0.291560648964932,1,1,0.00484109718067365,0.00479027185885917,0.103194563347311,0.187880220153953,0.232147230158562,0.0716852219824351,0.0710816894738385,0.640581763137722,0.640776515233178,0.640963475284633,0.535856815640394,0.535762636593275,0.0171690253063407,0.0175982665236093,0.018614586335147,0.00157566210225609,0.00148885947754157,0.0239547697057697,0.0254384960944296,0.0334481903435595,0.000818269366209226,0.000610057425138322,6.29657570556141,231.276924519805,2.45555010353396,0.382418605036813,0.692365440921233,3.45519831415154,0.699632853614958
source/48kHz_DE_data/IR/0007/IR007_2.mat,IR,train,0.280997691313857,0.193973291728906,3.202872,5.88657656383191,7.44809095791538,-0.0780057093930849,0.407309519661606,6.25212648406976,3.37553825736571,5.4,0.591502700573184,0.113079516915925,0.33544821432801,1,1,0.00681460013860492,0.00628818174680581,0.116889064882301,0.205314465737341,0.263685893093975,0.0776139115262077,0.0774767900596754,0.591437162806424,0.591980204266126,0.59255283513449,0.474148585281265,0.474038923387661,0.0108095846276274,0.0117889081286628,0.0134177910679499,0.00220413395618924,0.00156276390433231,0.0238995984343178,0.0256054257506423,0.0385187911398934,0.0100192496558778,0.00968097546244233,4.83767732084071,161.745280575798,1.72925641331775,0.296252591813006,0.628179791171326,3.63052537604802,0.675475252515704
source/48kHz_DE_data/IR/0007/IR007_3.mat,IR,test,0.279304864690892,0.195867016491813,2.97589846153846,5.47361220855888,6.80020422143158,-0.157594508871675,0.497552022767152,8.27034939483515,4.33270986813822,5.4,0.522618959030496,0.0933456089169276,0.477520653535921,1,1,0.00176129675137625,0.00145577373233639,0.226546635867813,0.270174194991338,0.325824787198343,0.0209556140844446,0.0201926112589677,0.522392893561812,0.52457387357294,0.526562181106061,0.286524671580749,0.285942987430773,0.025840846135118,0.0277766480682471,0.0308869934513997,0.00144613611145914,0.00105676558459394,0.0428058160016531,0.0468407786151559,0.0622599084852626,0.00241211818149055,0.00165561998169506,6.43933375383055,84.3372532331811,2.93756266869476,0.760035053517986,0.605054108788351,4.04088162091247,0.583576675631216
source/48kHz_DE_data/IR/0014/IR014_0.mat,IR,train,0.179986847472914,0.11731709259993,2.75147866666667,7.84508507262247,11.8515795270013,-0.0992472102520936,0.767328348662919,4.10319017702141,3.23472081898184,2.2,0.176670119497113,0.275068550667472,0.384483644098905,1,1,0.0477270751453299,0.0374233886145397,0.0267575095560033,0.0608714424598838,0.0848303265259351,0.0224961715975507,0.00868008403158569,0.0130475525600975,0.0280041301084732,0.0538896538447815,0.0201737947793848,0.007959896444496,0.0616581651911573,0.108198411066114,0.155753131539063,0.0951481535970544,0.0452227857207507,0.0934115564209418,0.252015209923741,0.335695060871178,0.11495097361657,0.0968442480594666,0.707374028982569,0.463411889210356,2.48871842608874,1.82930859342994,0.983137654131243,17.7271717149837,0.865248424709219
source/48kHz_DE_data/IR/0014/IR014_1.mat,IR,validation,0.25900336927795,0.147998714745217,5.212076,10.047819580204,18.7360730189512,0.163048804542548,0.569531469764488,3.19523736048298,2.53988636610325,1,0.433689691808314,0.410047112180917,0.415772634607541,1,1,0.0311739868263784,0.02909633021482,0.0123271915687831,0.081456422917282,0.0968923350714959,0.07109757877491,0.0672980122805749,0.0777774631282243,0.0787242938098151,0.0817624697001706,0.0695462685402768,0.0687564006784666,0.00732266831937261,0.0107504769188668,0.0232411908445235,0.00474349345794952,0.00393459665159396,0.119529884386037,0.127563269650022,0.142809956803679,0.111361713550149,0.108718540048893,0.993764544596582,6.72488864216065,0.318603470330448,1.49134009864208,1.27216929168884,20.9512067035306,0.957454989951649
source/48kHz_DE_data/IR/0014/IR014_2.mat,IR,train,0.231221731765303,0.13380792067526,4.478404,10.1920133404859,19.8381889924959,0.120586473537127,0.580628422418993,3.27210639284921,2.5426123544132,1,0.398647134292969,0.40849362020802,0.418898898825916,1,1,0.0389822525738334,0.0227324892625563,0.0179366416165081,0.0826600361825126,0.0984113572106609,0.0697249421842934,0.0627303630196826,0.0944967617181985,0.0951755641046114,0.0959139238236125,0.0831109722052158,0.0811452456545877,0.0119039407946019,0.0136750648148138,0.0258715745009441,0.00934357413584807,0.00870085651124587,0.112473325195003,0.126791875451676,0.148190975967644,0.105681343156133,0.0997083463307046,1.13548619378406,7.60465804462502,0.355410354238819,1.29186732487476,1.3211149175541,21.7966091986824,0.945311992967453
source/48kHz_DE_data/IR/0014/IR014_3.mat,IR,test,0.260465495447475,0.1581586530475,4.940392,9.43495183065795,14.7172139676762,0.175931400318033,0.572721227226105,3.05330045183337,2.47851690093383,1,0.408181099739598,0.436512850133428,0.422315247811674,1,1,0.0296891450471699,0.0271792887716259,0.0085967839567834,0.0847720691059191,0.102192377518005,0.0739636756136765,0.0640864862034178,0.0625774075108296,0.0677553345573186,0.0707534383939886,0.0613592266960656,0.0569764198229306,0.0134592204867003,0.0159808918179674,0.0276485697121572,0.00965199872166525,0.00686175475298866,0.125936071275837,0.132203653211306,0.150846580325397,0.116352838617048,0.108979603799483,1.28447295056608,5.22782884318312,0.345902614129251,1.53132025702983,1.25993681116779,20.8290777934162,0.918414190257568
source/48kHz_DE_data/IR/0021/IR021_0.mat,IR,test,0.582190510988783,0.437506259850542,5.31426830769231,4.95434847895923,4.18218005116328,-0.0370357237027833,0.617813208623892,5.43852648420229,3.66009730105153,5.4,0.277549695891554,0.225799209609336,0.39238753190936,1,1,0.0164693856697542,0.0145206174699835,0.0271226793208375,0.0627283838538307,0.0936272697816924,0.0196884267658867,0.0123917608049881,0.275755495496895,0.280101314003417,0.284285613398434,0.256460294666074,0.252794556574474,0.0399100406883117,0.0415337093611012,0.0586700605701286,0.00716354940226918,0.00489673350650152,0.114421445462545,0.120207462084207,0.191689731000617,0.0661226292422245,0.0633313274648467,0.89881770370921,17.3519721928292,2.04901881799443,1.04101611673537,0.641599134132167,4.36078934101704,0.926593967439093
source/48kHz_DE_data/IR/0021/IR021_1.mat,IR,train,0.59050399996461,0.457921374243055,6.00749723076923,5.06576897795407,3.81945558254917,0.0176907491163153,0.635038261207991,5.08897244626942,4.08007961929502,2,0.178900561215161,0.319507648788411,0.524566395723268,1,1,0.028665605171201,0.0250525530258663,0.0603138943255073,0.110254132109637,0.143797431269611,0.0209037237203485,0.016829435808495,0.193967432437374,0.197907907323803,0.198871080131706,0.132776669211713,0.131667760308144,0.0313283271269,0.0360358882006389,0.0492598488049518,0.00404312042430397,0.0032392590479454,0.118006361899836,0.127563173571352,0.180405945192404,0.0730295877283988,0.0673637878198199,1.21082361219358,10.7270439656489,0.941507876876538,0.787519491785305,0.58825118421111,4.57985840673205,0.961383029635175
source/48kHz_DE_data/IR/0021/IR021_2.mat,IR,train,0.765384046623635,0.581839468881387,6.55135753846154,4.42566661090014,3.63718546962174,0.0616737286346672,0.565862061262603,4.20883455727703,3.64603919132805,2,0.297096524941124,0.490798015969818,0.572145550763343,1,1,0.0174909694948537,0.00888787944200926,0.0835875664511935,0.107072050488734,0.138623728574051,0.0155432189181479,0.0107307878878133,0.150491071603811,0.151101515073058,0.151855514711338,0.0705672811825755,0.0701598536210591,0.012404343449895,0.0138988212063672,0.0310960343957143,0.0036822583141635,0.00301131385177905,0.074963109091214,0.0825154040253181,0.116783588858593,0.0608665084119244,0.0566421143777207,1.74023406547717,10.1082480104526,0.527580832193161,0.419697569514661,0.620932628712741,3.47345049695016,0.977453480508373
source/48kHz_DE_data/IR/0021/IR021_3.mat,IR,train,0.404242417260216,0.310033719390646,3.54833907692308,4.45658520742278,3.60631515847125,0.0433669016998828,0.584430978032592,4.36883415596368,3.64355960589496,2,0.229441255658296,0.40113985841933,0.531530785781382,1,1,0.0168378823809809,0.0117164798591247,0.0756814944561858,0.121636736976131,0.148276157811684,0.0368802024419168,0.0359566145138095,0.133493705943624,0.135791832278792,0.136632771285702,0.0639055558551895,0.0629149067268616,0.0159016222265753,0.0181199075604411,0.0323961752697786,0.00430556996163406,0.00323105964203157,0.123483235855381,0.130367747891372,0.162183202368442,0.0920308571737476,0.088073891227873,1.44286290787066,12.2888982220841,0.826301716222809,0.902240948448481,0.60496523373749,3.44031918698313,0.981929936958479
source/48kHz_DE_data/OR/Centered/0007/OR007@6_0.mat,OR,validation,1.25363048261467,0.794220265976677,11.771304,4.84774386885926,6.74653226884107,0.073844718714489,0.290384301576152,4.54168100401611,2.4247043424061,3.6,0.844047303828288,0.0884355506316237,0.909737677827233,1,1,0.0101478985375165,0.00768630666205237,0.843972417715266,0.844438267113714,0.844712458279002,0.607051709646279,0.606714798249438,0.031311281910377,0.0355610159589463,0.0369659621430082,0.00394306390418175,0.00389737894212192,0.000412361196758898,0.00780071909522405,0.0146214950573554,0.00713080928336344,0.00693642920656105,0.00336095461257245,0.212199629575734,0.236338456526352,0.00313626193747419,0.00169146567593976,157.070274278206,13.0020651539037,1.42504251167825,9.33068582237562,0.823644270181274,3.40344646376889,0.482920989217181
source/48kHz_DE_data/OR/Centered/0007/OR007@6_1.mat,OR,train,1.06089680570594,0.675677680833741,10.4383413333333,4.96105377869939,6.87878445545767,0.0730196503423029,0.300081657845311,4.37313816813017,2.32176509726759,3.6,0.819229568217828,0.102860316105593,0.901702267491535,1,1,0.012374339470114,0.0112437069994131,0.818945491733979,0.819576419801176,0.820060929801249,0.61005566434511,0.609289493624589,0.0338974020236005,0.0387843193405105,0.0401178441767306,0.0051538620960005,0.00467481164098224,0.00114302126210859,0.00983232360655914,0.0164610763315231,0.00889389770483861,0.00793368351506436,0.00445245326541955,0.187812133949263,0.218690752859359,0.00348396561903007,0.00238698315783486,128.199224323345,18.3771235758432,1.86317047118671,5.87885481707335,0.718249266076492,3.58976540246439,0.539558821450501
source/48kHz_DE_data/OR/Centered/0007/OR007@6_2.mat,OR,train,1.02095360519489,0.640913439455965,9.96508533333333,4.97682532157124,7.00053331470113,0.0824302842678665,0.285479104397494,4.28051133960437,2.11294310434681,3.6,0.826882340497912,0.0961064880339627,0.926997218884197,1,1,0.0151367584783423,0.0130937406723709,0.826694070779723,0.827586973301614,0.828315198320508,0.639868282768697,0.63939391631108,0.0156361172731931,0.0236361335796638,0.0247744001552131,0.00907590140105335,0.00799483479421654,0.000543581307448691,0.00683350344731914,0.0138982226222505,0.00641240073205834,0.00595541406357798,0.00294299945593181,0.181832389114398,0.208350854666883,0.00299757990402677,0.00191965687520764,131.065895450679,15.3961426455788,1.32168759396855,6.02065624052126,0.844458647758076,3.35729652599795,0.535157580458472
source/48kHz_DE_data/OR/Centered/0007/OR007@6_3.mat,OR,train,0.994362585694986,0.622985207038209,10.0331106666667,5.04653722634678,7.36739890095031,0.0767452167349172,0.296900060306881,4.5072756703326,2.4202449241988,3.6,0.827553679633015,0.10203549871605,0.910631785288467,1,1,0.0126246081217994,0.00975168806935683,0.82750072791507,0.827838111412624,0.828004958849699,0.591846770033421,0.591516836973472,0.0294253461620013,0.0329260884322834,0.0350972990587457,0.00402954808410075,0.00361830740702661,0.000908175254633121,0.00716970703718092,0.0180690954284234,0.00674622670776199,0.00593199224276434,0.00245660134351575,0.210491939135724,0.244823681268972,0.00168511060036707,0.000921470775616956,162.134771625182,11.6619680327613,0.96112169708616,6.62458391350441,0.857084073504136,3.35664872021819,0.551273087480491
source/48kHz_DE_data/OR/Centered/0014/OR014@6_0.mat,OR,test,0.138707813436187,0.10930405070605,1.15134830769231,4.26491322008206,3.25377218096978,0.000227210808452193,0.798307297529425,4.79367363101679,3.58617169364699,3.6,0.186000542014409,0.267831135101558,0.656585299661231,1,1,0.0358755247233282,0.0182845422870088,0.16119115983072,0.183914754032317,0.196539514363928,0.143840454407848,0.11933348205754,0.0211077387682143,0.0454486653955735,0.0656807440041782,0.0375733529591444,0.0142304778475406,0.0228426985957316,0.0535684551402576,0.0648993060380906,0.0384666905805905,0.0170010682882947,0.0625293627585108,0.142099281419027,0.191705811032275,0.0455803299691954,0.0298210989609348,2.75331510618467,1.19171949483528,1.07425059051432,0.938970397586858,0.57020619412471,4.57679655689307,0.832524198200861
source/48kHz_DE_data/OR/Centered/0014/OR014@6_1.mat,OR,validation,0.135584913982964,0.107498933778502,1.19098523076923,4.4289845645578,3.09236990635811,-0.00490664755424976,0.83999432233612,4.98710475977346,3.91352458767645,1.6,0.185713107783134,0.308403136226818,0.62804356585465,1,1,0.0754132458403705,0.0388771260385599,0.0610456594762834,0.0950786503430968,0.120003907750541,0.0358263824702759,0.0235917149413944,0.0146669433786803,0.0458593156687157,0.0838989983642549,0.0270557203891557,0.0158037853349373,0.0287287013043286,0.069330813285379,0.08075010415842,0.0514807097703215,0.016045776112114,0.0653903339897257,0.14082276241639,0.203153501309598,0.0213453690224871,0.0117019947511895,1.19867942394958,1.02736302263488,1.08524677975885,0.892362149228008,0.530906850994532,3.08562042565529,0.759302477256725
source/48kHz_DE_data/OR/Centered/0014/OR014@6_2.mat,OR,train,0.145277728924397,0.115289444669891,1.24459938461538,4.43849840650148,3.18904650180872,-0.00336212294704721,0.828933186380051,5.24057602274687,4.11199428772496,2,0.173159083126745,0.310490816159585,0.596424191214868,1,1,0.0866535958926884,0.0350260871390177,0.0679270394535956,0.0888635094019053,0.142013812431969,0.0613043486619997,0.0446093546143054,0.0195851213700942,0.0360608415165565,0.0852207717606982,0.0269942504092837,0.014118285358371,0.0119281838062914,0.0358397447497217,0.0570224231443882,0.026067906411225,0.0119338672741834,0.0532162907372289,0.123673145496034,0.184157690534475,0.0509630911234805,0.0219632014087112,0.914221093260456,0.872869991472378,0.664195827903478,0.837614150975071,0.544642514947215,4.21295302119922,0.764305482847158
source/48kHz_DE_data/OR/Centered/0014/OR014@6_3.mat,OR,validation,0.151961228487034,0.121486467384961,1.33242646153846,4.4979846022377,3.02858370842314,0.0144943848710899,0.830828686157421,5.33412801136742,4.47987287062516,1.6,0.194151798969452,0.350963256820453,0.495138303492591,1,1,0.0549018760492991,0.0272541251202867,0.0621082976297676,0.0949371946888233,0.149636362312846,0.0642453692642135,0.0442467316699742,0.01448675064499,0.0507370989771355,0.0918692280518289,0.0356219428787061,0.0274440314797459,0.012169997484245,0.0470119637357963,0.077481925197304,0.0185939773968279,0.0131572243833809,0.0659424474208895,0.116757187055586,0.160328461967105,0.0481398062519087,0.0277117151744608,0.954315066183036,0.581187203711605,0.90183085686606,0.988901647388615,0.516424054627212,3.2355245203602,0.799027468741037
source/48kHz_DE_data/OR/Centered/0021/OR021@6_0.mat,OR,train,0.658414459823611,0.340189526094923,11.9732933333333,9.59312932351978,19.6264345446067,-0.233792964807832,0.506642059269617,2.86519868891868,2.10930706457143,1,0.306552597290014,0.473249623436101,0.485140958891444,1,1,0.0288949975080918,0.0270601587620498,0.207085783185677,0.209832320642326,0.210372181766856,0.179056475432836,0.175973516939106,0.00515453022073281,0.022406857691667,0.0491740314768963,0.016937562736965,0.0163974553020888,0.000681562651742531,0.0553801648100457,0.0605424542171265,0.0549923941881559,0.0544050854719451,0.00429065043497323,0.0939070281740296,0.203587908310006,0.00809094286849254,0.00626289685919069,10.1805140498784,1.4021999539693,2.43895056881567,0.820453109089346,1.57301468922886,15.9898090015487,0.786689127194007
source/48kHz_DE_data/OR/Centered/0021/OR021@6_1.mat,OR,train,0.623562833406225,0.3183532973165,12.6819253333333,10.23709782198,20.7357179353464,-0.340247243422703,0.493608759273781,2.95066778828594,2.11504345763648,1,0.31117906705495,0.460809785401973,0.520565735353984,1,1,0.0146622495026346,0.0128401486754317,0.210028946594218,0.211547026627514,0.212388993651413,0.178112284226843,0.177013265013285,0.00328453698313883,0.0337910323473128,0.0596584517231185,0.0314406051606307,0.0307311632302265,0.00113305659749376,0.0559365383493243,0.0636607202207132,0.0549726080305614,0.0543152630885373,0.00438281509132954,0.0951519239094508,0.200436186458586,0.00352853990154216,0.00127438838038228,11.4188129233145,2.19910892165689,2.58249659058848,0.793565958933648,1.55872457933244,16.0339546034222,0.754690151388057
source/48kHz_DE_data/OR/Centered/0021/OR021@6_2.mat,OR,train,0.606836182987818,0.313867198922573,13.516592,11.1121121506747,21.5234109153554,-0.34010601279585,0.528223018717388,3.01611344096749,2.15025793179245,1,0.304501407575559,0.463675288202591,0.528733988918235,1,1,0.017905554820056,0.0166799456014797,0.201387085447845,0.20257078412318,0.203679462085933,0.166236865977335,0.165308416406541,0.00326685130327504,0.0375559454307497,0.0664196404048886,0.0348903710133381,0.0336803486982045,0.00317171525399782,0.0594986867355235,0.0707534003738162,0.0584233667619192,0.0558830851885715,0.00831653481803781,0.10010626069009,0.193216672281594,0.00919209198441012,0.00494367226685727,7.43248118798668,1.86244601027517,2.29035953801435,0.858681029774375,1.55001433417113,18.807528912017,0.732495896648524
source/48kHz_DE_data/OR/Centered/0021/OR021@6_3.mat,OR,train,0.574074169489601,0.307006102350511,12.4390373333333,11.1091028738435,20.2749814807086,-0.269251161587046,0.53526193675823,3.03052867980894,2.35245394138254,3.6,0.246427045352518,0.46605514926499,0.545878068596152,1,1,0.0331099359560937,0.0318662443161612,0.228287565083581,0.230029828776583,0.230855812483283,0.194914050357369,0.194160189027217,0.00388950630499727,0.0326868116829584,0.0647211836206334,0.0284034672695166,0.0281787149460313,0.00211350237574199,0.0439762244422515,0.0510596665591943,0.0421323943968022,0.0358577976016164,0.00603943471924048,0.0880039139466723,0.174328271482927,0.00869994865299859,0.0061828640870959,9.30669746151168,1.422032381658,1.46787360419546,0.764095649006651,1.48923669974226,22.0647139782409,0.697007008655164
source/48kHz_DE_data/OR/Opposite/0007/OR007@12_0.mat,OR,train,0.210197752829279,0.156710725095963,2.45529876923077,5.94875702763249,5.26914041347277,0.0292590969965316,0.646811540421697,4.5966313012052,3.21759841109908,3.6,0.399524469672092,0.239720257591539,0.743139239628666,1,1,0.0575802775945767,0.0463900713375875,0.397523048935164,0.407336172392551,0.418505760000029,0.273281088370432,0.266564342217976,0.0467840716850846,0.0688627185055854,0.0781102265515658,0.0345192165436678,0.0188146890003621,0.00462860285315997,0.0208218032246346,0.0609272793745528,0.01555154117651,0.0115863640494217,0.0215965240303375,0.144560308851608,0.211461116523103,0.0199654733787404,0.00845005745991863,8.24978933109412,5.26181009027456,0.590083161839463,1.53958464751312,0.67202809187669,8.9534835929577,0.853858732751146
source/48kHz_DE_data/OR/Opposite/0007/OR007@12_1.mat,OR,validation,0.261357779719231,0.178167017214303,3.43193169230769,6.68315356656531,9.4911207112512,0.0291896201669544,0.628818696464846,3.91046763650912,3.06884097035799,3.6,0.300899649496816,0.324776443206502,0.575034376564493,1,1,0.0396025248738975,0.0293377233865526,0.299553471965649,0.304384067219009,0.307335094997913,0.197904673371875,0.196408011638238,0.0255405880685041,0.0401078999307581,0.0667985750316553,0.0196923853857454,0.0139840500626852,0.00675686121516275,0.0443979749262586,0.0604889178109461,0.040351736549086,0.0353000944027588,0.0225541174879799,0.138124083631368,0.224971069905453,0.0248448994182858,0.0166563595702865,7.20607363288583,1.77693362922423,1.01602261911758,1.39725999714803,0.923835110224293,13.6642556132499,0.890240570306645
source/48kHz_DE_data/OR/Opposite/0007/OR007@12_2.mat,OR,train,0.259848999304768,0.173658340580099,3.95347015384615,7.70277721773129,10.5815278689911,0.0497520580328617,0.624588159693045,3.66746656942468,2.84200030694664,3.6,0.264573595027723,0.350838849152256,0.573140741054782,1,1,0.0571036001222107,0.0495303564600656,0.262908340196181,0.26497792164017,0.27199745950458,0.194956232102538,0.19324306516372,0.019278186126816,0.0435348578441492,0.0665835941764407,0.0302117123990643,0.0208165886517692,0.00482339580209225,0.035946857514596,0.0467426526386311,0.0329632581450759,0.0273648022736649,0.0130752797707878,0.110794746204333,0.19296802327687,0.017062925860418,0.0148080323765452,4.69155267170271,2.14498882862619,1.1052092448169,1.00779090375765,1.00227202895226,16.8553863443723,0.87630691493611
source/48kHz_DE_data/OR/Opposite/0007/OR007@12_3.mat,OR,test,0.243529505651841,0.168160220425281,3.78344861538462,7.7516678840989,10.4994593117656,0.0273788643893747,0.658969750373863,3.70409556375126,3.04815558206468,3.6,0.242842188995464,0.351047606396929,0.589136134255955,1,1,0.0625104458534173,0.0554343395167548,0.240443178435618,0.245849509414041,0.252526813084617,0.183834508127849,0.181044901647273,0.0155380219416789,0.0348172301341591,0.049236860433791,0.0182733052707327,0.0150404157813534,0.00460457214610043,0.0345250032138035,0.0465281429363357,0.0289930804135828,0.0222210697785597,0.0139049933115013,0.106007171311617,0.193460393511301,0.0221370896034301,0.0146715104584654,4.25842684985184,1.52342959190825,1.06388821885999,0.986576292735075,0.939418928534267,18.993803893194,0.866284584792785
source/48kHz_DE_data/OR/Opposite/0021/OR021@12_0.mat,OR,test,0.605265562309958,0.273078960467599,10.763444,9.10826180715391,25.6000921727251,0.146108434657112,0.525752443934213,2.40086149048068,1.73265096362729,1,0.38240573219279,0.581607243588071,0.526920403891265,1,1,0.0512683428979115,0.0466396543135499,0.111596335463623,0.115027415093246,0.116829716614135,0.108739764905491,0.10589232372539,0.000532533835180217,0.0209513507002266,0.0364112326619972,0.0206380920614447,0.0199118365012821,0.0022309769270344,0.0404072499969717,0.0482817200239832,0.0397615432689564,0.0375833966582618,0.00804309947281465,0.0596989745179091,0.154692989776929,0.0123440040845187,0.00759573607273977,2.66747675843521,1.59154965495146,2.03149922207894,0.422537578152259,1.84674583799576,19.2417687611309,0.963736652867037
source/48kHz_DE_data/OR/Opposite/0021/OR021@12_1.mat,OR,test,0.541537363190225,0.262262221942911,9.58865066666667,9.13812568650106,22.6391196067672,0.146385719981794,0.504708723014614,2.3701715743167,1.70580868369049,2,0.200141322265129,0.596823787264971,0.571465338394661,1,1,0.0518698649813183,0.0491736890900332,0.115213281636353,0.117686543599534,0.1200502746316,0.113621587516509,0.111873966049201,0.000566999818183505,0.0202323391372535,0.0388100525650587,0.0196414688420072,0.0195319080680453,0.00156427321878139,0.0345256774780164,0.0396850210368804,0.0339279155249904,0.0324215345357723,0.00749622007683696,0.0536962316250212,0.13785486593732,0.0141231206025728,0.00916909256069218,2.67024210366952,1.55322977763454,1.67201677481136,0.357382165434903,1.70615045891941,17.2192204279483,0.951398455643278
source/48kHz_DE_data/OR/Opposite/0021/OR021@12_2.mat,OR,train,0.469595274179106,0.241107859726143,9.08117333333333,10.1192977340545,22.3049454736605,0.174556172983925,0.517117025989251,2.37556429667808,1.68659267917452,2,0.210011708902358,0.607737901755265,0.591959399019516,1,1,0.0470892821340802,0.038457993690064,0.132534309424595,0.133709331665391,0.137237773678179,0.12900942370036,0.127844432716611,0.000470653143168816,0.0220133939751807,0.0389960679972389,0.0214034166977897,0.0211488896697372,0.00201459670655959,0.0359336286470305,0.041702725243536,0.0351148275341494,0.0318921823175895,0.00716413306335277,0.0525207357895259,0.130336901913667,0.0134298331179233,0.00735393162489355,3.57509896380384,1.90928927469694,2.05757907405375,0.342808628817234,1.55166296780261,18.7264999126067,0.931366229283859
source/48kHz_DE_data/OR/Opposite/0021/OR021@12_3.mat,OR,validation,0.423963805625947,0.219416883878061,7.77492,9.67917732602117,21.9594690291001,0.161814436506346,0.54154462909249,2.38841162857416,1.78354024820903,2,0.197522750527666,0.591808577290585,0.599875527118938,1,1,0.0615832213860456,0.0509189006420582,0.120818765830243,0.128618186128987,0.13447031268242,0.122951909239162,0.117089664766746,0.00135731130973089,0.0241664606677478,0.0404024380705949,0.0237972622902428,0.0228844926622263,0.00328206815867514,0.0260561135428457,0.0336925560579665,0.0254220574903329,0.0230691725976996,0.0114773778831975,0.0532053967862502,0.12216616995878,0.0198481883227321,0.0126541010532218,2.985036396324,1.72518112650809,1.18071092253003,0.3698375012138,1.47769926337762,19.4921405111382,0.927822851852391
source/48kHz_DE_data/OR/Orthogonal/0007/OR007@3_0.mat,OR,train,0.399370848517669,0.302334693665916,3.72691384615385,4.76208159202353,4.13510323756956,0.0749657587266251,0.473598638425651,4.82518381548303,3.02475771619405,3.6,0.536624718551111,0.14614914531336,0.903843609142391,1,1,0.0123257239072773,0.00993526130100633,0.53656311475128,0.538348957243306,0.539557415817088,0.419575572790555,0.419016257575742,0.0015263944854525,0.0211750093748089,0.0897659938464901,0.0195996598697148,0.0194340999832408,0.00230035457520706,0.00996183970911788,0.0680213950785152,0.00679501654122698,0.00563207101151707,0.00778381884024518,0.123628713052376,0.195050410469153,0.00438581745462875,0.00386585249010346,12.7895382600063,0.479819208563388,0.141732613470766,1.31197597596307,0.663521930198541,3.90529801641726,0.812223019849884
source/48kHz_DE_data/OR/Orthogonal/0007/OR007@3_1.mat,OR,test,0.456093126473498,0.346024464180777,4.21111015384615,4.6963418731915,4.11569320936191,0.0559365095340929,0.424153006619018,4.94380787871655,2.87445592820521,3.6,0.604576016503341,0.0907035654044197,0.943375311945684,1,1,0.00230901124990977,0.00174883156972734,0.604542151218979,0.605604322951276,0.606261024895087,0.486383271336199,0.486215840716286,0.00425007375604766,0.0230438924707364,0.0816369881356034,0.0182107725292898,0.0180435571511731,0.000962852916911907,0.00622571232785963,0.0501067536273575,0.00441078819356708,0.00378556496635257,0.00320775893338308,0.109296790690673,0.160751514547013,0.00149724986587406,0.000857759127795421,10.8909034939092,0.696955539190048,0.113802136913958,1.20821890081939,0.64567290854646,3.50068246116033,0.770018772605909
source/48kHz_DE_data/OR/Orthogonal/0007/OR007@3_2.mat,OR,train,0.445769966697806,0.331061935056236,4.008336,4.55604522787047,4.36130448124623,0.0640841417707318,0.447597914684826,5.10040536383058,3.03772059242556,3.6,0.56931497889111,0.11747801230331,0.961720655492403,1,1,0.0163744289760457,0.0161191059053661,0.569297598126125,0.569474958917422,0.57026098877871,0.442543217010226,0.442449111064578,0.0102868678569938,0.0300046673710952,0.0672640976100426,0.017673005600636,0.0175648629941106,0.00336775215928317,0.00690940325025825,0.055896062904248,0.00483268644388879,0.00270639385671632,0.00725522646518274,0.123399213274108,0.184164291596503,0.00259979775827692,0.00136446197963133,8.04354881238457,0.897529644625948,0.142725193050078,1.33475003167563,0.713803949237131,3.81068189243452,0.799604911910231
source/48kHz_DE_data/OR/Orthogonal/0007/OR007@3_3.mat,OR,train,0.443805586881178,0.33734998010317,3.91821415384615,4.45452117890734,4.05794952015476,0.049508429413035,0.471860164137626,5.32136458398405,3.31187526960216,3.6,0.534117153129331,0.109302532743063,0.956898642071487,1,1,0.0181663917348412,0.0175304969037946,0.534031305085384,0.53511781206545,0.536161761724376,0.395414874058167,0.395376341171395,0.00943512904004719,0.0212541357886794,0.11161921066344,0.0109148200235905,0.0109048324160944,0.00216868949576679,0.00596585879360921,0.0695144055275179,0.00247219042072664,0.00241776861171535,0.00979497310166398,0.123009668712973,0.195460944689228,0.00532968909882758,0.00475097006188104,9.77211186409678,0.38347636833589,0.0729714843557397,1.12718665971587,0.664550862762773,3.77279846256092,0.772044963693136
source/48kHz_DE_data/OR/Orthogonal/0021/OR021@3_0.mat,OR,train,0.41194093064495,0.285976894699344,5.69075733333333,7.56633731836599,8.30387329486459,-0.233821007248788,0.514824679552673,3.3278557298689,3.77319613067836,1,0.443140180176327,0.565946646316966,0.433896767638984,1,1,0.015280853193299,0.0110017366294302,0.171767932287455,0.175508181084387,0.179145115220073,0.140183499136756,0.138909387862927,0.0049218440231678,0.01815997956918,0.0319731930330793,0.0102709718322704,0.00904758962364588,0.0053137613533187,0.045717310040382,0.0614611610174605,0.0394935979430068,0.0372362504702112,0.0148734836953727,0.0786245925801956,0.156774280856134,0.00654035972309421,0.00359383642425447,13.2418988420702,1.58566180186685,2.09741059229034,0.811390719851319,0.851612937431345,8.03726601467359,0.719965490556388
source/48kHz_DE_data/OR/Orthogonal/0021/OR021@3_1.mat,OR,validation,0.762488999262472,0.521152653691227,9.77895466666667,6.86353509036886,7.4010907086662,0.0299175411090012,0.534539064818945,3.57448071860529,3.56905515315127,1,0.367546883531061,0.480309051914681,0.455270396347555,1,1,0.0247638680693228,0.0223703644864464,0.180083383920734,0.181556762936834,0.183702657928207,0.137642985631733,0.136169317512013,0.000927144405304063,0.00356881727931964,0.0391170324423961,0.00179527086437195,0.00138439536561387,0.00241511234537552,0.0306827004975402,0.0444012147961685,0.0259106592475557,0.0242816814126097,0.00878897257525677,0.0699692923718934,0.162041281362826,0.00162949039867556,0.000590820401243106,6.46175693088039,0.187760574094129,0.70682980302288,0.598499379161664,0.940418865347243,7.96030346393165,0.785274297973091
source/48kHz_DE_data/OR/Orthogonal/0021/OR021@3_2.mat,OR,train,0.72066936070528,0.49047480436389,9.074496,6.59062367811148,7.48717314011659,0.0648489726180838,0.543983648618184,3.44537215274566,3.53716231646005,1,0.376824873140756,0.490719758939672,0.441584514500063,1,1,0.0282042220557633,0.0211825723513433,0.185288577188337,0.188305518669752,0.190398400170209,0.127081177417773,0.12602064353955,0.00209419160889867,0.00474599016946838,0.0396327382258007,0.0013577609084285,0.000633189333695561,0.00180063528662257,0.0299919648235986,0.0556930558252028,0.0256158238972497,0.0249828389813772,0.00890771112192135,0.0804176035421654,0.180190357479905,0.00213174894182812,0.00152361865782537,6.9207987277779,0.194600091374602,0.783021075097973,0.652473523326896,0.953989164381518,7.53622292802785,0.783856707655584
source/48kHz_DE_data/OR/Orthogonal/0021/OR021@3_3.mat,OR,train,0.674723279630531,0.465539549370616,9.25394933333333,6.9702125016223,7.55754413131594,-0.103284358671402,0.531471788102373,3.38112749202468,3.39513771970903,1,0.378069967911985,0.48389515182949,0.46886226782632,1,1,0.0500947999488477,0.0371488404392118,0.194371252390473,0.197727925413293,0.20066289593681,0.148072480205894,0.146941363449702,0.00176908074916917,0.0155438066645611,0.0477374874923211,0.0114789629421328,0.0102122852427928,0.00282644033350667,0.0242303698913945,0.0469321734949491,0.0210561207994489,0.0206466803688108,0.0144131104916562,0.0729560367938685,0.183047730134603,0.00476918526655505,0.00249575811017067,7.48116247950036,0.669735880072933,0.676979660917511,0.606142184863516,0.916868699498623,6.98023805629398,0.786982312852309
source/48kHz_Normal_data/N_0.mat,N,test,0.0723264323977914,0.0584292607381024,0.533846769230769,3.86382739720013,2.77788367617562,-0.0492844442911804,0.883017242203749,7.30652105133977,5.17693705218065,4.25,0.100484786522325,0.179781686351212,0.467565295517264,1,1,0.0366171030447635,0.0169508012656522,0.0508020858293888,0.107741765315943,0.149377743221589,0.0333805378593086,0.020597826590419,0.0667662147024194,0.0781107808763455,0.1092061402355,0.044698394611419,0.0317699789252375,0.0191732213963909,0.0430054137843315,0.0886760489246878,0.0216387789220811,0.0103288105586281,0.0565380958334545,0.133732529105896,0.232266714546661,0.0265714759046284,0.013609239459514,1.33293594972085,2.14574206758913,0.58407347549383,0.896288181288749,0.499494157767272,4.81035037515966,0.219689798787149
source/48kHz_Normal_data/N_1_(1772rpm).mat,N,validation,0.0652296852298394,0.0521925790516035,0.520495384615385,4.28055253280523,2.91466161635287,-0.16824183357861,0.867490265009141,6.42041328242495,4.66635641694366,5.4,0.112167891639873,0.217508074137379,0.479986979203975,1,1,0.0294466375577784,0.0172722884944782,0.0445918124939476,0.0910183989218132,0.151833808371765,0.0349194187773256,0.0177434405328493,0.0755096642164102,0.121259523987063,0.132622529671617,0.0794928950327908,0.0520365289309972,0.0249477800067554,0.0539233535701443,0.0916662444040674,0.0298406871050058,0.0174222093658514,0.0555670608918216,0.1137076796761,0.190036747085151,0.0197325741316538,0.0105101723593115,1.45517547524294,2.33651068416728,0.792177848157175,0.719649505826796,0.530019936120275,3.98871056991099,0.262539951683346
source/48kHz_Normal_data/N_2_(1750rpm).mat,N,train,0.0632132510710608,0.0506262181161838,0.499842461538462,4.31876506836614,2.93088335969832,-0.172927581847857,0.888247638783127,7.05204986145088,5.15071896284624,2.5,0.0923420267932273,0.207896810185978,0.498294307696855,1,1,0.0285923559899057,0.0202800452122272,0.0615246442965787,0.105766208932831,0.155127674369945,0.047863175037885,0.0199574191838264,0.0434612859897617,0.0624095339464338,0.0863687763922691,0.0226883562552448,0.0131500880997093,0.0245075251116545,0.0572747168463021,0.0890265482507313,0.0273704793964121,0.013940166519981,0.0643935074585033,0.139079471695387,0.226040213729688,0.0410465519581661,0.015636474168739,1.40956283274039,1.36017087617417,0.72709460644441,0.988620638951643,0.535997549165779,5.27761529770632,0.276845099513711
source/48kHz_Normal_data/N_3.mat,N,train,0.0646140906875172,0.051636463772913,0.530717538461538,4.16029484361327,2.95644634642829,-0.131595180763886,0.892306681906182,7.73411635369695,5.53089124598387,2,0.191790322677205,0.224706057681842,0.515716692437285,1,1,0.022542413417758,0.00814701189035096,0.0504978177731258,0.0999237154667182,0.143060756431709,0.0353146817204269,0.0158068186479904,0.0230103554066151,0.0533259361077105,0.076149232168274,0.0240386779511835,0.0133834760259819,0.0309793437855919,0.0680650093964113,0.100205028524974,0.0253125649274573,0.00991935716369553,0.0745104529535855,0.139338132879222,0.207445261953533,0.0255860234026742,0.014384218930307,1.35982625969794,1.03137504210392,0.905347667589112,0.774539241533748,0.517050270788346,4.29012245090879,0.304493129093667
