min_samples_leaf,max_features,cv_seed,folds,accuracy,macro_f1,balanced_accuracy,normal_recall,n_files,feature_family
1,sqrt,11,2,0.857142857142857,0.872222222222222,0.857936507936508,1,70,q1_base
1,sqrt,29,2,0.885714285714286,0.897117876569931,0.88452380952381,1,70,q1_base
1,sqrt,42,2,0.814285714285714,0.756305536568694,0.798412698412698,1,70,q1_base
1,sqrt,71,2,0.828571428571429,0.84775641025641,0.826190476190476,1,70,q1_base
1,sqrt,97,2,0.914285714285714,0.919718817591925,0.90952380952381,1,70,q1_base
1,0.25,11,2,0.857142857142857,0.872222222222222,0.857936507936508,1,70,q1_base
1,0.25,29,2,0.885714285714286,0.897117876569931,0.88452380952381,1,70,q1_base
1,0.25,42,2,0.814285714285714,0.756305536568694,0.798412698412698,1,70,q1_base
1,0.25,71,2,0.828571428571429,0.84775641025641,0.826190476190476,1,70,q1_base
1,0.25,97,2,0.914285714285714,0.919718817591925,0.90952380952381,1,70,q1_base
1,0.5,11,2,0.871428571428571,0.840557311790188,0.874603174603175,1,70,q1_base
1,0.5,29,2,0.885714285714286,0.897117876569931,0.88452380952381,1,70,q1_base
1,0.5,42,2,0.785714285714286,0.737496012759171,0.784126984126984,1,70,q1_base
1,0.5,71,2,0.857142857142857,0.874357611199716,0.856746031746032,1,70,q1_base
1,0.5,97,2,0.914285714285714,0.877379302379302,0.912301587301587,1,70,q1_base
1,0.75,11,2,0.814285714285714,0.793281148075669,0.829761904761905,1,70,q1_base
1,0.75,29,2,0.885714285714286,0.897117876569931,0.88452380952381,1,70,q1_base
1,0.75,42,2,0.785714285714286,0.737496012759171,0.784126984126984,1,70,q1_base
1,0.75,71,2,0.857142857142857,0.868974358974359,0.853968253968254,1,70,q1_base
1,0.75,97,2,0.914285714285714,0.877379302379302,0.912301587301587,1,70,q1_base
1,1.0,11,2,0.842857142857143,0.81910350994858,0.86031746031746,1,70,q1_base
1,1.0,29,2,0.885714285714286,0.897117876569931,0.88452380952381,1,70,q1_base
1,1.0,42,2,0.785714285714286,0.737496012759171,0.784126984126984,1,70,q1_base
1,1.0,71,2,0.842857142857143,0.857168373422243,0.840079365079365,1,70,q1_base
1,1.0,97,2,0.928571428571429,0.891388571670262,0.928968253968254,1,70,q1_base
2,sqrt,11,2,0.8,0.739090372991302,0.836111111111111,1,70,q1_base
2,sqrt,29,2,0.842857142857143,0.763110616508103,0.86984126984127,1,70,q1_base
2,sqrt,42,2,0.685714285714286,0.571036036036036,0.698809523809524,1,70,q1_base
2,sqrt,71,2,0.785714285714286,0.717979452054795,0.808730158730159,1,70,q1_base
2,sqrt,97,2,0.842857142857143,0.764809751651857,0.876587301587302,1,70,q1_base
2,0.25,11,2,0.8,0.739090372991302,0.836111111111111,1,70,q1_base
2,0.25,29,2,0.842857142857143,0.763110616508103,0.86984126984127,1,70,q1_base
2,0.25,42,2,0.685714285714286,0.571036036036036,0.698809523809524,1,70,q1_base
2,0.25,71,2,0.785714285714286,0.717979452054795,0.808730158730159,1,70,q1_base
2,0.25,97,2,0.842857142857143,0.764809751651857,0.876587301587302,1,70,q1_base
2,0.5,11,2,0.8,0.743798993798994,0.845634920634921,1,70,q1_base
2,0.5,29,2,0.842857142857143,0.763110616508103,0.86984126984127,1,70,q1_base
2,0.5,42,2,0.728571428571429,0.628383458646617,0.736507936507937,1,70,q1_base
2,0.5,71,2,0.785714285714286,0.723739495798319,0.808730158730159,1,70,q1_base
2,0.5,97,2,0.885714285714286,0.812696762696763,0.898015873015873,1,70,q1_base
2,0.75,11,2,0.785714285714286,0.729251823693409,0.828968253968254,1,70,q1_base
2,0.75,29,2,0.828571428571429,0.777771351455562,0.846428571428571,1,70,q1_base
2,0.75,42,2,0.714285714285714,0.603383458646617,0.71984126984127,1,70,q1_base
2,0.75,71,2,0.814285714285714,0.746352187197258,0.832539682539682,1,70,q1_base
2,0.75,97,2,0.885714285714286,0.812696762696763,0.898015873015873,1,70,q1_base
2,1.0,11,2,0.8,0.743798993798994,0.845634920634921,1,70,q1_base
2,1.0,29,2,0.842857142857143,0.792376472582422,0.863095238095238,1,70,q1_base
2,1.0,42,2,0.7,0.575966431229589,0.703174603174603,1,70,q1_base
2,1.0,71,2,0.814285714285714,0.760509031198686,0.832539682539682,1,70,q1_base
2,1.0,97,2,0.9,0.826693152780109,0.91468253968254,1,70,q1_base
3,sqrt,11,2,0.757142857142857,0.693358326979017,0.807936507936508,1,70,q1_base
3,sqrt,29,2,0.814285714285714,0.726103376103376,0.848809523809524,1,70,q1_base
3,sqrt,42,2,0.642857142857143,0.510944672709379,0.657142857142857,1,70,q1_base
3,sqrt,71,2,0.742857142857143,0.671930573339024,0.780555555555556,1,70,q1_base
3,sqrt,97,2,0.814285714285714,0.723825317855169,0.846031746031746,1,70,q1_base
3,0.25,11,2,0.757142857142857,0.693358326979017,0.807936507936508,1,70,q1_base
3,0.25,29,2,0.814285714285714,0.726103376103376,0.848809523809524,1,70,q1_base
3,0.25,42,2,0.642857142857143,0.510944672709379,0.657142857142857,1,70,q1_base
3,0.25,71,2,0.742857142857143,0.671930573339024,0.780555555555556,1,70,q1_base
3,0.25,97,2,0.814285714285714,0.723825317855169,0.846031746031746,1,70,q1_base
3,0.5,11,2,0.8,0.73510101010101,0.848412698412698,1,70,q1_base
3,0.5,29,2,0.814285714285714,0.726103376103376,0.848809523809524,1,70,q1_base
3,0.5,42,2,0.657142857142857,0.537958766779964,0.675,1,70,q1_base
3,0.5,71,2,0.771428571428571,0.703296146044625,0.811111111111111,1,70,q1_base
3,0.5,97,2,0.814285714285714,0.716314731020613,0.833730158730159,1,70,q1_base
3,0.75,11,2,0.771428571428571,0.722709722709723,0.824603174603175,1,70,q1_base
3,0.75,29,2,0.814285714285714,0.726103376103376,0.848809523809524,1,70,q1_base
3,0.75,42,2,0.671428571428571,0.549715504978663,0.688888888888889,1,70,q1_base
3,0.75,71,2,0.728571428571429,0.663509316770186,0.770634920634921,1,70,q1_base
3,0.75,97,2,0.857142857142857,0.762736498108015,0.874206349206349,1,70,q1_base
3,1.0,11,2,0.771428571428571,0.715590281674335,0.815079365079365,1,70,q1_base
3,1.0,29,2,0.814285714285714,0.726103376103376,0.848809523809524,1,70,q1_base
3,1.0,42,2,0.671428571428571,0.549715504978663,0.688888888888889,1,70,q1_base
3,1.0,71,2,0.728571428571429,0.675810904071774,0.770634920634921,1,70,q1_base
3,1.0,97,2,0.857142857142857,0.762736498108015,0.874206349206349,1,70,q1_base
1,sqrt,11,2,0.957142857142857,0.9639661829317,0.962301587301587,1,70,single_band_physics
1,sqrt,29,2,0.928571428571429,0.935343052466848,0.928968253968254,1,70,single_band_physics
1,sqrt,42,2,0.928571428571429,0.938063063063063,0.928968253968254,1,70,single_band_physics
1,sqrt,71,2,0.971428571428571,0.974598227202188,0.976190476190476,1,70,single_band_physics
1,sqrt,97,2,0.985714285714286,0.984622553588071,0.983333333333333,1,70,single_band_physics
1,0.25,11,2,0.957142857142857,0.9639661829317,0.962301587301587,1,70,single_band_physics
1,0.25,29,2,0.928571428571429,0.935343052466848,0.928968253968254,1,70,single_band_physics
1,0.25,42,2,0.914285714285714,0.922619047619048,0.915079365079365,1,70,single_band_physics
1,0.25,71,2,0.971428571428571,0.974598227202188,0.976190476190476,1,70,single_band_physics
1,0.25,97,2,0.971428571428571,0.974598227202188,0.976190476190476,1,70,single_band_physics
1,0.5,11,2,0.971428571428571,0.974598227202188,0.976190476190476,1,70,single_band_physics
1,0.5,29,2,0.914285714285714,0.922185157730006,0.915079365079365,1,70,single_band_physics
1,0.5,42,2,0.9,0.86468253968254,0.901190476190476,1,70,single_band_physics
1,0.5,71,2,0.957142857142857,0.9639661829317,0.962301587301587,1,70,single_band_physics
1,0.5,97,2,0.971428571428571,0.969444444444445,0.969444444444445,1,70,single_band_physics
1,0.75,11,2,0.942857142857143,0.906458675424193,0.948412698412698,1,70,single_band_physics
1,0.75,29,2,0.9,0.911036036036036,0.901190476190476,1,70,single_band_physics
1,0.75,42,2,0.914285714285714,0.875944556226246,0.915079365079365,1,70,single_band_physics
1,0.75,71,2,0.957142857142857,0.91748585166876,0.962301587301587,1,70,single_band_physics
1,0.75,97,2,0.971428571428571,0.969444444444445,0.969444444444445,1,70,single_band_physics
1,1.0,11,2,0.942857142857143,0.906458675424193,0.948412698412698,1,70,single_band_physics
1,1.0,29,2,0.9,0.911036036036036,0.901190476190476,1,70,single_band_physics
1,1.0,42,2,0.914285714285714,0.875944556226246,0.915079365079365,1,70,single_band_physics
1,1.0,71,2,0.957142857142857,0.91748585166876,0.962301587301587,1,70,single_band_physics
1,1.0,97,2,0.957142857142857,0.911904761904762,0.955555555555556,1,70,single_band_physics
2,sqrt,11,2,0.928571428571429,0.87366369262921,0.954761904761905,1,70,single_band_physics
2,sqrt,29,2,0.9,0.82492784992785,0.921428571428571,1,70,single_band_physics
2,sqrt,42,2,0.885714285714286,0.808653191006132,0.900793650793651,1,70,single_band_physics
2,sqrt,71,2,0.928571428571429,0.870536157687064,0.948015873015873,1,70,single_band_physics
2,sqrt,97,2,0.914285714285714,0.858532695374801,0.940873015873016,1,70,single_band_physics
2,0.25,11,2,0.914285714285714,0.842769148576771,0.940873015873016,1,70,single_band_physics
2,0.25,29,2,0.9,0.821834053177337,0.91468253968254,1,70,single_band_physics
2,0.25,42,2,0.885714285714286,0.808653191006132,0.900793650793651,1,70,single_band_physics
2,0.25,71,2,0.928571428571429,0.870536157687064,0.948015873015873,1,70,single_band_physics
2,0.25,97,2,0.928571428571429,0.868535699878983,0.948015873015873,1,70,single_band_physics
2,0.5,11,2,0.9,0.827797202797203,0.924206349206349,1,70,single_band_physics
2,0.5,29,2,0.885714285714286,0.800019425019425,0.907539682539683,1,70,single_band_physics
2,0.5,42,2,0.885714285714286,0.808653191006132,0.900793650793651,1,70,single_band_physics
2,0.5,71,2,0.914285714285714,0.840023847376789,0.931349206349206,1,70,single_band_physics
2,0.5,97,2,0.928571428571429,0.868535699878983,0.948015873015873,1,70,single_band_physics
2,0.75,11,2,0.9,0.827797202797203,0.924206349206349,1,70,single_band_physics
2,0.75,29,2,0.885714285714286,0.800019425019425,0.907539682539683,1,70,single_band_physics
2,0.75,42,2,0.885714285714286,0.808653191006132,0.900793650793651,1,70,single_band_physics
2,0.75,71,2,0.914285714285714,0.857787851982898,0.931349206349206,1,70,single_band_physics
2,0.75,97,2,0.9,0.821755278905014,0.920238095238095,1,70,single_band_physics
2,1.0,11,2,0.9,0.827797202797203,0.924206349206349,1,70,single_band_physics
2,1.0,29,2,0.885714285714286,0.800019425019425,0.907539682539683,1,70,single_band_physics
2,1.0,42,2,0.871428571428571,0.79592346683801,0.886904761904762,1,70,single_band_physics
2,1.0,71,2,0.9,0.818215870454676,0.924206349206349,1,70,single_band_physics
2,1.0,97,2,0.914285714285714,0.837218668561952,0.934126984126984,1,70,single_band_physics
3,sqrt,11,2,0.885714285714286,0.812369874529584,0.91031746031746,1,70,single_band_physics
3,sqrt,29,2,0.885714285714286,0.791866028708134,0.907539682539683,1,70,single_band_physics
3,sqrt,42,2,0.857142857142857,0.769447739275326,0.879761904761905,1,70,single_band_physics
3,sqrt,71,2,0.9,0.815675552517658,0.924206349206349,1,70,single_band_physics
3,sqrt,97,2,0.871428571428571,0.776461526461526,0.893650793650794,1,70,single_band_physics
3,0.25,11,2,0.885714285714286,0.812369874529584,0.91031746031746,1,70,single_band_physics
3,0.25,29,2,0.885714285714286,0.791866028708134,0.907539682539683,1,70,single_band_physics
3,0.25,42,2,0.857142857142857,0.769447739275326,0.879761904761905,1,70,single_band_physics
3,0.25,71,2,0.9,0.815675552517658,0.924206349206349,1,70,single_band_physics
3,0.25,97,2,0.885714285714286,0.798737373737374,0.91031746031746,1,70,single_band_physics
3,0.5,11,2,0.885714285714286,0.812369874529584,0.91031746031746,1,70,single_band_physics
3,0.5,29,2,0.885714285714286,0.791866028708134,0.907539682539683,1,70,single_band_physics
3,0.5,42,2,0.857142857142857,0.769447739275326,0.879761904761905,1,70,single_band_physics
3,0.5,71,2,0.885714285714286,0.791866028708134,0.907539682539683,1,70,single_band_physics
3,0.5,97,2,0.9,0.813716145612697,0.924206349206349,1,70,single_band_physics
3,0.75,11,2,0.9,0.827797202797203,0.924206349206349,1,70,single_band_physics
3,0.75,29,2,0.885714285714286,0.791866028708134,0.907539682539683,1,70,single_band_physics
3,0.75,42,2,0.828571428571429,0.741938583887881,0.865476190476191,1,70,single_band_physics
3,0.75,71,2,0.9,0.818215870454676,0.924206349206349,1,70,single_band_physics
3,0.75,97,2,0.885714285714286,0.798737373737374,0.91031746031746,1,70,single_band_physics
3,1.0,11,2,0.9,0.827797202797203,0.924206349206349,1,70,single_band_physics
3,1.0,29,2,0.885714285714286,0.791866028708134,0.907539682539683,1,70,single_band_physics
3,1.0,42,2,0.814285714285714,0.732537577365164,0.858333333333333,1,70,single_band_physics
3,1.0,71,2,0.9,0.818215870454676,0.924206349206349,1,70,single_band_physics
3,1.0,97,2,0.885714285714286,0.798737373737374,0.91031746031746,1,70,single_band_physics
1,sqrt,11,2,0.928571428571429,0.94330981227533,0.941269841269841,1,70,multiband_title_bsf
1,sqrt,29,2,0.914285714285714,0.923852657004831,0.921825396825397,1,70,multiband_title_bsf
1,sqrt,42,2,0.9,0.904671815675872,0.907936507936508,1,70,multiband_title_bsf
1,sqrt,71,2,0.942857142857143,0.948412698412698,0.948412698412698,1,70,multiband_title_bsf
1,sqrt,97,2,0.957142857142857,0.964795599937588,0.969047619047619,1,70,multiband_title_bsf
1,0.25,11,2,0.914285714285714,0.927380952380952,0.927380952380952,1,70,multiband_title_bsf
1,0.25,29,2,0.914285714285714,0.923852657004831,0.921825396825397,1,70,multiband_title_bsf
1,0.25,42,2,0.9,0.914833413040013,0.91468253968254,1,70,multiband_title_bsf
1,0.25,71,2,0.928571428571429,0.934669726652649,0.941269841269841,1,70,multiband_title_bsf
1,0.25,97,2,0.957142857142857,0.964795599937588,0.969047619047619,1,70,multiband_title_bsf
1,0.5,11,2,0.914285714285714,0.927380952380952,0.927380952380952,1,70,multiband_title_bsf
1,0.5,29,2,0.9,0.915142904208879,0.907936507936508,1,70,multiband_title_bsf
1,0.5,42,2,0.885714285714286,0.901297977384934,0.900793650793651,1,70,multiband_title_bsf
1,0.5,71,2,0.928571428571429,0.937159108617734,0.941269841269841,1,70,multiband_title_bsf
1,0.5,97,2,0.942857142857143,0.956823325788843,0.95515873015873,1,70,multiband_title_bsf
1,0.75,11,2,0.914285714285714,0.927380952380952,0.927380952380952,1,70,multiband_title_bsf
1,0.75,29,2,0.885714285714286,0.895313540141126,0.894047619047619,1,70,multiband_title_bsf
1,0.75,42,2,0.885714285714286,0.901297977384934,0.900793650793651,1,70,multiband_title_bsf
1,0.75,71,2,0.928571428571429,0.937159108617734,0.941269841269841,1,70,multiband_title_bsf
1,0.75,97,2,0.942857142857143,0.956823325788843,0.95515873015873,1,70,multiband_title_bsf
1,1.0,11,2,0.914285714285714,0.927380952380952,0.927380952380952,1,70,multiband_title_bsf
1,1.0,29,2,0.885714285714286,0.895313540141126,0.894047619047619,1,70,multiband_title_bsf
1,1.0,42,2,0.885714285714286,0.901297977384934,0.900793650793651,1,70,multiband_title_bsf
1,1.0,71,2,0.928571428571429,0.937159108617734,0.941269841269841,1,70,multiband_title_bsf
1,1.0,97,2,0.9,0.809831691297209,0.802380952380952,0.5,70,multiband_title_bsf
2,sqrt,11,2,0.914285714285714,0.884843667196608,0.934126984126984,1,70,multiband_title_bsf
2,sqrt,29,2,0.885714285714286,0.856451272304931,0.907539682539683,1,70,multiband_title_bsf
2,sqrt,42,2,0.9,0.865591684434968,0.91468253968254,1,70,multiband_title_bsf
2,sqrt,71,2,0.9,0.871181252250862,0.926984126984127,1,70,multiband_title_bsf
2,sqrt,97,2,0.928571428571429,0.901227795193312,0.954761904761905,1,70,multiband_title_bsf
2,0.25,11,2,0.9,0.847559499798306,0.926984126984127,1,70,multiband_title_bsf
2,0.25,29,2,0.885714285714286,0.856451272304931,0.907539682539683,1,70,multiband_title_bsf
2,0.25,42,2,0.885714285714286,0.850830727001597,0.900793650793651,1,70,multiband_title_bsf
2,0.25,71,2,0.9,0.871181252250862,0.926984126984127,1,70,multiband_title_bsf
2,0.25,97,2,0.914285714285714,0.886130536130536,0.940873015873016,1,70,multiband_title_bsf
2,0.5,11,2,0.885714285714286,0.832674197072713,0.91031746031746,1,70,multiband_title_bsf
2,0.5,29,2,0.871428571428571,0.841745036572623,0.893650793650794,1,70,multiband_title_bsf
2,0.5,42,2,0.885714285714286,0.850830727001597,0.900793650793651,1,70,multiband_title_bsf
2,0.5,71,2,0.885714285714286,0.830781287677839,0.91031746031746,1,70,multiband_title_bsf
2,0.5,97,2,0.928571428571429,0.895823514008903,0.948015873015873,1,70,multiband_title_bsf
2,0.75,11,2,0.871428571428571,0.82144847687444,0.896428571428571,1,70,multiband_title_bsf
2,0.75,29,2,0.871428571428571,0.83997668997669,0.893650793650794,1,70,multiband_title_bsf
2,0.75,42,2,0.885714285714286,0.85271698516067,0.900793650793651,1,70,multiband_title_bsf
2,0.75,71,2,0.885714285714286,0.830781287677839,0.91031746031746,1,70,multiband_title_bsf
2,0.75,97,2,0.914285714285714,0.858532695374801,0.940873015873016,1,70,multiband_title_bsf
2,1.0,11,2,0.885714285714286,0.812369874529584,0.91031746031746,1,70,multiband_title_bsf
2,1.0,29,2,0.885714285714286,0.893934175277459,0.900793650793651,1,70,multiband_title_bsf
2,1.0,42,2,0.885714285714286,0.850830727001597,0.900793650793651,1,70,multiband_title_bsf
2,1.0,71,2,0.9,0.845374800637958,0.926984126984127,1,70,multiband_title_bsf
2,1.0,97,2,0.914285714285714,0.842769148576771,0.940873015873016,1,70,multiband_title_bsf
3,sqrt,11,2,0.885714285714286,0.828708133971292,0.91031746031746,1,70,multiband_title_bsf
3,sqrt,29,2,0.871428571428571,0.841745036572623,0.893650793650794,1,70,multiband_title_bsf
3,sqrt,42,2,0.871428571428571,0.841745036572623,0.893650793650794,1,70,multiband_title_bsf
3,sqrt,71,2,0.885714285714286,0.856643356643357,0.91031746031746,1,70,multiband_title_bsf
3,sqrt,97,2,0.914285714285714,0.886503537113293,0.938095238095238,1,70,multiband_title_bsf
3,0.25,11,2,0.885714285714286,0.860609419744777,0.91031746031746,1,70,multiband_title_bsf
3,0.25,29,2,0.885714285714286,0.856451272304931,0.907539682539683,1,70,multiband_title_bsf
3,0.25,42,2,0.885714285714286,0.850830727001597,0.900793650793651,1,70,multiband_title_bsf
3,0.25,71,2,0.885714285714286,0.830781287677839,0.91031746031746,1,70,multiband_title_bsf
3,0.25,97,2,0.9,0.871486415882968,0.924206349206349,1,70,multiband_title_bsf
3,0.5,11,2,0.885714285714286,0.832674197072713,0.91031746031746,1,70,multiband_title_bsf
3,0.5,29,2,0.871428571428571,0.841745036572623,0.893650793650794,1,70,multiband_title_bsf
3,0.5,42,2,0.885714285714286,0.850830727001597,0.900793650793651,1,70,multiband_title_bsf
3,0.5,71,2,0.885714285714286,0.830781287677839,0.91031746031746,1,70,multiband_title_bsf
3,0.5,97,2,0.9,0.871486415882968,0.924206349206349,1,70,multiband_title_bsf
3,0.75,11,2,0.885714285714286,0.832674197072713,0.91031746031746,1,70,multiband_title_bsf
3,0.75,29,2,0.871428571428571,0.83997668997669,0.893650793650794,1,70,multiband_title_bsf
3,0.75,42,2,0.885714285714286,0.85271698516067,0.900793650793651,1,70,multiband_title_bsf
3,0.75,71,2,0.885714285714286,0.830781287677839,0.91031746031746,1,70,multiband_title_bsf
3,0.75,97,2,0.9,0.871486415882968,0.924206349206349,1,70,multiband_title_bsf
3,1.0,11,2,0.885714285714286,0.832674197072713,0.91031746031746,1,70,multiband_title_bsf
3,1.0,29,2,0.871428571428571,0.83997668997669,0.893650793650794,1,70,multiband_title_bsf
3,1.0,42,2,0.871428571428571,0.813539908367495,0.893650793650794,1,70,multiband_title_bsf
3,1.0,71,2,0.885714285714286,0.830781287677839,0.91031746031746,1,70,multiband_title_bsf
3,1.0,97,2,0.9,0.843601800498352,0.924206349206349,1,70,multiband_title_bsf
1,sqrt,11,2,0.914285714285714,0.932107009875344,0.927380952380952,1,70,multiband_spin_half
1,sqrt,29,2,0.914285714285714,0.923852657004831,0.921825396825397,1,70,multiband_spin_half
1,sqrt,42,2,0.914285714285714,0.928300798945721,0.921825396825397,1,70,multiband_spin_half
1,sqrt,71,2,0.942857142857143,0.956061850027367,0.948412698412698,1,70,multiband_spin_half
1,sqrt,97,2,0.957142857142857,0.964795599937588,0.969047619047619,1,70,multiband_spin_half
1,0.25,11,2,0.9,0.920545977011494,0.913492063492063,1,70,multiband_spin_half
1,0.25,29,2,0.914285714285714,0.923852657004831,0.921825396825397,1,70,multiband_spin_half
1,0.25,42,2,0.914285714285714,0.928300798945721,0.921825396825397,1,70,multiband_spin_half
1,0.25,71,2,0.942857142857143,0.952193497845672,0.95515873015873,1,70,multiband_spin_half
1,0.25,97,2,0.957142857142857,0.967351850390594,0.969047619047619,1,70,multiband_spin_half
1,0.5,11,2,0.885714285714286,0.903676470588235,0.899603174603175,1,70,multiband_spin_half
1,0.5,29,2,0.871428571428571,0.890578078078078,0.88015873015873,1,70,multiband_spin_half
1,0.5,42,2,0.914285714285714,0.928300798945721,0.921825396825397,1,70,multiband_spin_half
1,0.5,71,2,0.942857142857143,0.952193497845672,0.95515873015873,1,70,multiband_spin_half
1,0.5,97,2,0.928571428571429,0.945995898764233,0.941269841269841,1,70,multiband_spin_half
1,0.75,11,2,0.914285714285714,0.927380952380952,0.927380952380952,1,70,multiband_spin_half
1,0.75,29,2,0.9,0.913064713064713,0.907936507936508,1,70,multiband_spin_half
1,0.75,42,2,0.914285714285714,0.925885225885226,0.921825396825397,1,70,multiband_spin_half
1,0.75,71,2,0.914285714285714,0.922166149068323,0.927380952380952,1,70,multiband_spin_half
1,0.75,97,2,0.928571428571429,0.945995898764233,0.941269841269841,1,70,multiband_spin_half
1,1.0,11,2,0.885714285714286,0.901942815249267,0.899603174603175,1,70,multiband_spin_half
1,1.0,29,2,0.885714285714286,0.901985009472037,0.894047619047619,1,70,multiband_spin_half
1,1.0,42,2,0.9,0.872054998141955,0.91468253968254,1,70,multiband_spin_half
1,1.0,71,2,0.914285714285714,0.925806451612903,0.927380952380952,1,70,multiband_spin_half
1,1.0,97,2,0.9,0.872870556673374,0.910714285714286,1,70,multiband_spin_half
2,sqrt,11,2,0.914285714285714,0.8630734711199,0.940873015873016,1,70,multiband_spin_half
2,sqrt,29,2,0.9,0.871356421356421,0.921428571428571,1,70,multiband_spin_half
2,sqrt,42,2,0.914285714285714,0.880540387493427,0.928571428571429,1,70,multiband_spin_half
2,sqrt,71,2,0.914285714285714,0.886130536130536,0.940873015873016,1,70,multiband_spin_half
2,sqrt,97,2,0.928571428571429,0.901227795193312,0.954761904761905,1,70,multiband_spin_half
2,0.25,11,2,0.9,0.875202932704897,0.926984126984127,1,70,multiband_spin_half
2,0.25,29,2,0.9,0.871356421356421,0.921428571428571,1,70,multiband_spin_half
2,0.25,42,2,0.914285714285714,0.880540387493427,0.928571428571429,1,70,multiband_spin_half
2,0.25,71,2,0.914285714285714,0.886130536130536,0.940873015873016,1,70,multiband_spin_half
2,0.25,97,2,0.928571428571429,0.901227795193312,0.954761904761905,1,70,multiband_spin_half
2,0.5,11,2,0.885714285714286,0.859852437897695,0.913095238095238,1,70,multiband_spin_half
2,0.5,29,2,0.9,0.840194859038143,0.91468253968254,1,70,multiband_spin_half
2,0.5,42,2,0.914285714285714,0.882516339869281,0.928571428571429,1,70,multiband_spin_half
2,0.5,71,2,0.9,0.847559499798306,0.926984126984127,1,70,multiband_spin_half
2,0.5,97,2,0.942857142857143,0.910954511263312,0.961904761904762,1,70,multiband_spin_half
2,0.75,11,2,0.857142857142857,0.785311537550344,0.882539682539683,1,70,multiband_spin_half
2,0.75,29,2,0.928571428571429,0.934381476167703,0.935714285714286,1,70,multiband_spin_half
2,0.75,42,2,0.914285714285714,0.882516339869281,0.928571428571429,1,70,multiband_spin_half
2,0.75,71,2,0.885714285714286,0.832149735194993,0.913095238095238,1,70,multiband_spin_half
2,0.75,97,2,0.928571428571429,0.895948827292111,0.945238095238095,1,70,multiband_spin_half
2,1.0,11,2,0.857142857142857,0.785311537550344,0.882539682539683,1,70,multiband_spin_half
2,1.0,29,2,0.9,0.866480862133036,0.907936507936508,1,70,multiband_spin_half
2,1.0,42,2,0.9,0.872054998141955,0.91468253968254,1,70,multiband_spin_half
2,1.0,71,2,0.871428571428571,0.81555023923445,0.896428571428571,1,70,multiband_spin_half
2,1.0,97,2,0.914285714285714,0.858658008658009,0.938095238095238,1,70,multiband_spin_half
3,sqrt,11,2,0.885714285714286,0.828300865800866,0.907539682539683,1,70,multiband_spin_half
3,sqrt,29,2,0.9,0.871356421356421,0.921428571428571,1,70,multiband_spin_half
3,sqrt,42,2,0.9,0.871356421356421,0.921428571428571,1,70,multiband_spin_half
3,sqrt,71,2,0.9,0.871486415882968,0.924206349206349,1,70,multiband_spin_half
3,sqrt,97,2,0.914285714285714,0.886503537113293,0.938095238095238,1,70,multiband_spin_half
3,0.25,11,2,0.9,0.871486415882968,0.924206349206349,1,70,multiband_spin_half
3,0.25,29,2,0.9,0.871356421356421,0.921428571428571,1,70,multiband_spin_half
3,0.25,42,2,0.885714285714286,0.855689271968342,0.904761904761905,1,70,multiband_spin_half
3,0.25,71,2,0.9,0.871486415882968,0.924206349206349,1,70,multiband_spin_half
3,0.25,97,2,0.914285714285714,0.886503537113293,0.938095238095238,1,70,multiband_spin_half
3,0.5,11,2,0.871428571428571,0.845378371301388,0.896428571428571,1,70,multiband_spin_half
3,0.5,29,2,0.9,0.871356421356421,0.921428571428571,1,70,multiband_spin_half
3,0.5,42,2,0.885714285714286,0.855689271968342,0.904761904761905,1,70,multiband_spin_half
3,0.5,71,2,0.871428571428571,0.81555023923445,0.896428571428571,1,70,multiband_spin_half
3,0.5,97,2,0.914285714285714,0.886503537113293,0.938095238095238,1,70,multiband_spin_half
3,0.75,11,2,0.871428571428571,0.845378371301388,0.896428571428571,1,70,multiband_spin_half
3,0.75,29,2,0.9,0.871356421356421,0.921428571428571,1,70,multiband_spin_half
3,0.75,42,2,0.885714285714286,0.862663398692811,0.907539682539683,1,70,multiband_spin_half
3,0.75,71,2,0.871428571428571,0.81555023923445,0.896428571428571,1,70,multiband_spin_half
3,0.75,97,2,0.914285714285714,0.886503537113293,0.938095238095238,1,70,multiband_spin_half
3,1.0,11,2,0.871428571428571,0.817379319618126,0.896428571428571,1,70,multiband_spin_half
3,1.0,29,2,0.9,0.871356421356421,0.921428571428571,1,70,multiband_spin_half
3,1.0,42,2,0.857142857142857,0.797276334776335,0.893253968253968,1,70,multiband_spin_half
3,1.0,71,2,0.871428571428571,0.81555023923445,0.896428571428571,1,70,multiband_spin_half
3,1.0,97,2,0.914285714285714,0.886503537113293,0.938095238095238,1,70,multiband_spin_half
1,sqrt,11,2,0.928571428571429,0.94330981227533,0.941269841269841,1,70,multiband_both
1,sqrt,29,2,0.914285714285714,0.919432773109244,0.921825396825397,1,70,multiband_both
1,sqrt,42,2,0.9,0.914118490205447,0.91468253968254,1,70,multiband_both
1,sqrt,71,2,0.914285714285714,0.929153766769866,0.934126984126984,1,70,multiband_both
1,sqrt,97,2,0.957142857142857,0.964795599937588,0.969047619047619,1,70,multiband_both
1,0.25,11,2,0.914285714285714,0.927380952380952,0.927380952380952,1,70,multiband_both
1,0.25,29,2,0.9,0.908544354196528,0.907936507936508,1,70,multiband_both
1,0.25,42,2,0.914285714285714,0.925885225885226,0.921825396825397,1,70,multiband_both
1,0.25,71,2,0.928571428571429,0.937159108617734,0.941269841269841,1,70,multiband_both
1,0.25,97,2,0.957142857142857,0.964795599937588,0.969047619047619,1,70,multiband_both
1,0.5,11,2,0.914285714285714,0.927380952380952,0.927380952380952,1,70,multiband_both
1,0.5,29,2,0.885714285714286,0.893395407559378,0.894047619047619,1,70,multiband_both
1,0.5,42,2,0.885714285714286,0.901297977384934,0.900793650793651,1,70,multiband_both
1,0.5,71,2,0.928571428571429,0.937159108617734,0.941269841269841,1,70,multiband_both
1,0.5,97,2,0.942857142857143,0.949664602683179,0.95515873015873,1,70,multiband_both
1,0.75,11,2,0.914285714285714,0.927380952380952,0.927380952380952,1,70,multiband_both
1,0.75,29,2,0.885714285714286,0.897368421052631,0.894047619047619,1,70,multiband_both
1,0.75,42,2,0.9,0.916606280193237,0.91468253968254,1,70,multiband_both
1,0.75,71,2,0.928571428571429,0.937159108617734,0.941269841269841,1,70,multiband_both
1,0.75,97,2,0.957142857142857,0.967351850390594,0.969047619047619,1,70,multiband_both
1,1.0,11,2,0.914285714285714,0.927380952380952,0.927380952380952,1,70,multiband_both
1,1.0,29,2,0.885714285714286,0.893395407559378,0.894047619047619,1,70,multiband_both
1,1.0,42,2,0.885714285714286,0.854708037060978,0.900793650793651,1,70,multiband_both
1,1.0,71,2,0.928571428571429,0.937159108617734,0.941269841269841,1,70,multiband_both
1,1.0,97,2,0.9,0.809831691297209,0.802380952380952,0.5,70,multiband_both
2,sqrt,11,2,0.9,0.871181252250862,0.926984126984127,1,70,multiband_both
2,sqrt,29,2,0.885714285714286,0.856451272304931,0.907539682539683,1,70,multiband_both
2,sqrt,42,2,0.9,0.865591684434968,0.91468253968254,1,70,multiband_both
2,sqrt,71,2,0.9,0.845374800637958,0.926984126984127,1,70,multiband_both
2,sqrt,97,2,0.928571428571429,0.901227795193312,0.954761904761905,1,70,multiband_both
2,0.25,11,2,0.914285714285714,0.884843667196608,0.934126984126984,1,70,multiband_both
2,0.25,29,2,0.871428571428571,0.841745036572623,0.893650793650794,1,70,multiband_both
2,0.25,42,2,0.9,0.865591684434968,0.91468253968254,1,70,multiband_both
2,0.25,71,2,0.9,0.845374800637958,0.926984126984127,1,70,multiband_both
2,0.25,97,2,0.928571428571429,0.901227795193312,0.954761904761905,1,70,multiband_both
2,0.5,11,2,0.9,0.827255177255177,0.926984126984127,1,70,multiband_both
2,0.5,29,2,0.871428571428571,0.83997668997669,0.893650793650794,1,70,multiband_both
2,0.5,42,2,0.885714285714286,0.850830727001597,0.900793650793651,1,70,multiband_both
2,0.5,71,2,0.9,0.845374800637958,0.926984126984127,1,70,multiband_both
2,0.5,97,2,0.928571428571429,0.87366369262921,0.954761904761905,1,70,multiband_both
2,0.75,11,2,0.9,0.827255177255177,0.926984126984127,1,70,multiband_both
2,0.75,29,2,0.871428571428571,0.83997668997669,0.893650793650794,1,70,multiband_both
2,0.75,42,2,0.885714285714286,0.85271698516067,0.900793650793651,1,70,multiband_both
2,0.75,71,2,0.9,0.845374800637958,0.926984126984127,1,70,multiband_both
2,0.75,97,2,0.9,0.843601800498352,0.924206349206349,1,70,multiband_both
2,1.0,11,2,0.885714285714286,0.812369874529584,0.91031746031746,1,70,multiband_both
2,1.0,29,2,0.871428571428571,0.83997668997669,0.893650793650794,1,70,multiband_both
2,1.0,42,2,0.885714285714286,0.826772814388913,0.900793650793651,1,70,multiband_both
2,1.0,71,2,0.9,0.845374800637958,0.926984126984127,1,70,multiband_both
2,1.0,97,2,0.914285714285714,0.842769148576771,0.940873015873016,1,70,multiband_both
3,sqrt,11,2,0.9,0.915783141589593,0.926984126984127,1,70,multiband_both
3,sqrt,29,2,0.871428571428571,0.841745036572623,0.893650793650794,1,70,multiband_both
3,sqrt,42,2,0.871428571428571,0.841745036572623,0.893650793650794,1,70,multiband_both
3,sqrt,71,2,0.885714285714286,0.830781287677839,0.91031746031746,1,70,multiband_both
3,sqrt,97,2,0.9,0.871356421356421,0.921428571428571,1,70,multiband_both
3,0.25,11,2,0.885714285714286,0.856643356643357,0.91031746031746,1,70,multiband_both
3,0.25,29,2,0.871428571428571,0.841745036572623,0.893650793650794,1,70,multiband_both
3,0.25,42,2,0.885714285714286,0.856451272304931,0.907539682539683,1,70,multiband_both
3,0.25,71,2,0.885714285714286,0.830781287677839,0.91031746031746,1,70,multiband_both
3,0.25,97,2,0.9,0.871486415882968,0.924206349206349,1,70,multiband_both
3,0.5,11,2,0.885714285714286,0.812369874529584,0.91031746031746,1,70,multiband_both
3,0.5,29,2,0.871428571428571,0.83997668997669,0.893650793650794,1,70,multiband_both
3,0.5,42,2,0.871428571428571,0.841745036572623,0.893650793650794,1,70,multiband_both
3,0.5,71,2,0.885714285714286,0.830781287677839,0.91031746031746,1,70,multiband_both
3,0.5,97,2,0.9,0.871486415882968,0.924206349206349,1,70,multiband_both
3,0.75,11,2,0.885714285714286,0.812369874529584,0.91031746031746,1,70,multiband_both
3,0.75,29,2,0.871428571428571,0.83997668997669,0.893650793650794,1,70,multiband_both
3,0.75,42,2,0.871428571428571,0.841745036572623,0.893650793650794,1,70,multiband_both
3,0.75,71,2,0.885714285714286,0.830781287677839,0.91031746031746,1,70,multiband_both
3,0.75,97,2,0.9,0.871486415882968,0.924206349206349,1,70,multiband_both
3,1.0,11,2,0.885714285714286,0.812369874529584,0.91031746031746,1,70,multiband_both
3,1.0,29,2,0.871428571428571,0.83997668997669,0.893650793650794,1,70,multiband_both
3,1.0,42,2,0.871428571428571,0.841745036572623,0.893650793650794,1,70,multiband_both
3,1.0,71,2,0.885714285714286,0.830781287677839,0.91031746031746,1,70,multiband_both
3,1.0,97,2,0.9,0.871486415882968,0.924206349206349,1,70,multiband_both
