file_id,domain,split,label,label_code,env_spread_order__median,env_spread_order__iqr,env_entropy__median,env_entropy__iqr,env_centroid_order__median,env_centroid_order__iqr,skewness__median,skewness__iqr,peak_to_peak__median,peak_to_peak__iqr,env_harmonic_ratio__median,env_harmonic_ratio__iqr,crest_factor__median,crest_factor__iqr,env_low_order_ratio__median,env_low_order_ratio__iqr
source/12kHz_DE_data/B/0007/B007_0.mat,source,validation,B,3,0.43627518966166,0.314257693264041,1.07620946948679,0.120608247425279,0.202665185772882,0.20463147906872,-0.133193055489538,0.186790837910791,-1.05502828111753,0.0103864388928312,-1.01429284042259,0.124664367600804,-1.02733706092592,0.17094524473062,-0.123758675623302,0.212354040241267
source/12kHz_DE_data/B/0007/B007_1.mat,source,test,B,3,0.621612769807977,0.218811436829247,1.01913123303593,0.0694387934724046,0.555668383624371,0.200409371612194,-0.069489002600342,0.145260103201638,-1.05529656551697,0.0149664368547986,-0.966135804146802,0.227334331964133,-1.06013732069811,0.140431729444942,-0.343013468285686,0.548581471571066
source/12kHz_DE_data/B/0007/B007_2.mat,source,train,B,3,0.751607839708264,0.48204700933834,1.01436941683502,0.166419902177357,0.713833098896397,0.363942533171743,0.0999707725924203,0.0793831212584113,-1.04801456038916,0.0102331335217192,-0.915947027274554,0.389943502190815,-1.13124184092645,0.0809959557169044,-0.551876768341286,0.133322622325759
source/12kHz_DE_data/B/0007/B007_3.mat,source,train,B,3,1.4395692129065,0.180554508787356,1.21567648973519,0.233884860442173,1.16907648090171,0.314058765654802,0.0218083301985025,0.0930645203180807,-1.03207080179352,0.0215202414698323,-0.754822041089038,0.24919166366151,-1.09693608044182,0.160159784598175,-0.404657252425133,0.249403689586911
source/12kHz_DE_data/B/0014/B014_0.mat,source,train,B,3,-0.0311610256820261,0.379570444547751,0.842622161000849,0.227112834775125,-0.877638888741337,0.444323541954069,0.0457269395681802,1.46865085153118,-0.6545179990877,0.332040270656976,-0.731479536662323,0.339214534941333,1.08162676067254,1.49653606332611,0.846679056248068,0.627759081241689
source/12kHz_DE_data/B/0014/B014_1.mat,source,train,B,3,-0.0235729652234815,0.309220336889299,0.975072646072454,0.127117535091547,-0.413068531837556,0.227519383995423,-0.0215434983508878,0.451585900423029,-0.823422191710231,0.148246293865203,-0.691034101485808,0.83466355783447,0.350763303386584,0.399696962074756,0.432943650026226,0.25700062307173
source/12kHz_DE_data/B/0014/B014_2.mat,source,train,B,3,0.224269365120753,0.389483714491638,0.782598652270629,0.250293256734501,-0.63045949307007,0.541740368735993,1.15779089026098,1.12152664982615,-0.689624929072324,0.179213978829805,-0.494350171478502,0.473996948390611,0.836014732368455,0.868716015733532,1.17406406925248,0.533397189439809
source/12kHz_DE_data/B/0014/B014_3.mat,source,train,B,3,0.336332319646064,0.410514068868232,0.983895357082311,0.152562271559036,-0.442650328739727,0.577412794254853,1.15454013838136,1.51433074500704,-0.782336352252243,0.297891499241801,-0.551004044370203,0.238752393901975,1.08850312461184,1.08975106595376,0.674023964255596,0.512809909607361
source/12kHz_DE_data/B/0021/B021_0.mat,source,train,B,3,0.970234668167249,0.417940904956875,1.31186818718317,0.0931640610411157,0.939475840013323,0.370321269707932,-0.0893559935926796,0.273801928936586,-1.00045156900169,0.28353828387145,-1.07158912770135,0.306099088699479,-0.399799463756114,1.06629425153087,-0.583157115872901,0.30714997090467
source/12kHz_DE_data/B/0021/B021_1.mat,source,validation,B,3,0.953551421566428,0.337890619287636,1.22392573956843,0.149929333564597,1.06035693215403,0.452661150878261,-0.0834745984608367,0.389311870775072,-1.05295865860752,0.382573553609734,-1.10481973811883,0.340654624811653,-0.603820237180112,2.17980124282056,-0.589775675784032,0.222632992558575
source/12kHz_DE_data/B/0021/B021_2.mat,source,validation,B,3,1.17638281037304,0.359016421876692,1.29663539097627,0.129817930815171,1.35867525348824,0.180497123067107,-0.0723391701302182,0.331211981388719,-1.10052164999498,0.0215968941553881,-0.969971784638943,0.202254016006716,-0.953986227977589,0.210986511270747,-0.835925919800992,0.274301029928882
source/12kHz_DE_data/B/0021/B021_3.mat,source,train,B,3,1.93349479717897,0.351897052439871,1.44450662192424,0.17411851510632,2.25596674928667,0.289972351598039,-0.0416510664273098,0.284474949097021,-1.09262642338272,0.0121494506606177,-0.902280522002464,0.196106013052394,-1.05105744367926,0.0658157687951149,-0.907482645437444,0.1970572633935
source/12kHz_DE_data/B/0028/B028_0_(1797rpm).mat,source,train,B,3,0.269446463447529,0.462668790613688,0.645665817766769,0.23560387116003,-0.804900730938982,0.33331277164473,0.23796212057536,0.0440279310226303,2.97128740338149,0.474180986485933,-0.77878152110131,0.645166525586633,-0.716636109036641,0.211819410728619,1.31091472917593,0.31354471475458
source/12kHz_DE_data/B/0028/B028_1_(1772rpm).mat,source,test,B,3,0.217195989424308,0.390165961018359,0.539751333800544,0.406541142543302,-0.909382865921208,0.405716625875721,0.202435672429624,0.0494966689376987,2.81191497220784,0.597070571969229,-0.432877214691861,0.42466384554554,-0.773505547701562,0.292616167382558,1.52371704785945,0.446510205549813
source/12kHz_DE_data/B/0028/B028_2_(1750rpm).mat,source,train,B,3,0.048279868376975,0.984722522308107,0.211939985202739,0.246367113404809,-1.07868191673021,0.481823091716532,0.143856762998691,0.067171216026616,2.9703273284949,0.404575557208286,-0.663983685546748,0.644998170451778,-0.863730423887724,0.187372819730887,1.95387483542448,0.195100408811282
source/12kHz_DE_data/B/0028/B028_3_(1730rpm).mat,source,train,B,3,-0.333507313321032,0.522420556434141,0.29568488969639,0.306773223267934,-1.19464791846133,0.43814044238192,0.170484638269859,0.0349066747247239,3.11222639673264,0.30952814343605,-0.166613544964128,0.215517750075105,-0.812427746095423,0.14192201216154,1.9351582164028,0.403511182108903
source/12kHz_DE_data/IR/0007/IR007_0.mat,source,train,IR,2,-0.444483472777573,0.0801969043746243,-1.27355273737568,0.0380032942137012,0.919352370123513,0.056709250410362,1.01754697556928,0.363640113421511,-0.636696249695942,0.0389587274338105,1.14578127257683,0.0535606451714146,-0.491474318009688,0.249014122495268,-1.23707648612538,0.0270744442362822
source/12kHz_DE_data/IR/0007/IR007_1.mat,source,test,IR,2,-0.377796172246622,0.0797937689776756,-1.41446249795116,0.0805685382508243,1.00233741444076,0.0383321139671411,0.718481897903083,0.173727246701512,-0.639685704432624,0.0333439182168371,1.38836229637216,0.0646120209525245,-0.560259138050009,0.100752184021003,-1.14554772403462,0.0513909485283515
source/12kHz_DE_data/IR/0007/IR007_2.mat,source,train,IR,2,-0.276474840387534,0.0495985441634658,-1.29831613057974,0.0308579288707118,0.777543973651723,0.0508626744247336,0.487053634088478,0.0807745877329911,-0.637654408265392,0.0270583980012494,1.1270755302157,0.0337798305697137,-0.60438281249965,0.0682045030555526,-0.645110858574652,0.0755128930667779
source/12kHz_DE_data/IR/0007/IR007_3.mat,source,train,IR,2,0.858123391329635,0.114037518041537,-0.634422828183601,0.0395684699938592,2.24761012520583,0.0977016763478602,-0.182281990034685,0.148158252753956,-0.634358342786486,0.0368124522382438,0.756380734169475,0.106441689249906,-0.724893175854523,0.073593688101622,-1.10986199723929,0.0632777535038336
source/12kHz_DE_data/IR/0014/IR014_0.mat,source,validation,IR,2,-0.607075413746316,0.0414607859932037,-0.21001492945914,0.0628511277302749,-0.525371702956333,0.0312455204274316,-0.619757894756003,1.0335068992855,-0.468290299529525,0.0575853300239056,0.223404385567377,0.112469547424541,1.18527273510077,0.188461911236886,0.054506600871443,0.0899184297198142
source/12kHz_DE_data/IR/0014/IR014_1.mat,source,train,IR,2,-0.435733943441373,0.0786716300062215,-0.071282026050595,0.0863452609475795,-0.480777277257255,0.0678726303351375,-0.165028137280644,0.903785386713041,-0.514818479661986,0.078894776608459,0.0260663757819803,0.193289813440228,1.49055119527695,0.351934491883554,-0.0349893494129318,0.0784684077498868
source/12kHz_DE_data/IR/0014/IR014_2.mat,source,validation,IR,2,-0.265198684531619,0.09720514605317,-0.0140388157515059,0.0639783965412629,-0.44476367819512,0.0663539493248312,-0.0881342467666634,0.905555211731667,-0.524821655127037,0.0916382855821353,0.128724051045062,0.0845027330788989,1.50611437846524,0.379356244932536,0.184333897158188,0.0310177481750055
source/12kHz_DE_data/IR/0014/IR014_3.mat,source,test,IR,2,-0.262318745510182,0.101067891180568,-0.0549222227347825,0.0627845845147709,-0.537542670913836,0.0755706904728404,0.112362828969824,0.63349820342197,-0.503780492941929,0.0902393740707395,0.256011732059417,0.0759208875295923,1.31529879405837,0.264501143008887,0.323517841194593,0.0966371330565657
source/12kHz_DE_data/IR/0021/IR021_0.mat,source,validation,IR,2,-0.603247280977491,0.0503463014889831,-0.696121272170974,0.0574792130066153,-0.470848770523232,0.141537676205811,1.92123028737995,0.218387296534701,0.184771418235759,0.0959595807303518,-0.202547943744176,0.048728013486758,0.00729240681344459,0.163968804207121,0.244604533736718,0.197834253744432
source/12kHz_DE_data/IR/0021/IR021_1.mat,source,validation,IR,2,-0.54419847329452,0.0502381367526389,-0.669781216376526,0.0722462051990788,-0.162561738736691,0.06833464399105,1.63936417853325,0.253363526262192,-0.0704820246655462,0.177594690847436,-0.0515693640475842,0.119402105667385,-0.0635780801171836,0.37911854610512,-0.310802486780729,0.231127601538387
source/12kHz_DE_data/IR/0021/IR021_2.mat,source,train,IR,2,-0.553022450914316,0.0298301499630271,-0.595371774532036,0.0948524428709419,-0.246060058233064,0.032795439672577,1.53144211394948,0.364080975222001,0.0247589371377187,0.0749280001309389,-0.100536455423357,0.0640422663487903,-0.104216780589623,0.096289022730632,-0.182834734897289,0.247993385348523
source/12kHz_DE_data/IR/0021/IR021_3.mat,source,train,IR,2,-0.0806635375884472,0.079862904223278,-0.452472887598919,0.10322485760246,0.0699187103923448,0.0326784183758397,2.11498481805931,0.466227401227122,-0.0102138506471824,0.0974926344414707,-0.128644415163076,0.0601399267488298,0.130251156732751,0.23210071932808,-0.373335647328681,0.189938407062101
source/12kHz_DE_data/IR/0028/IR028_0_(1797rpm).mat,source,train,IR,2,1.74527945466381,0.191954051296409,1.18147825169097,0.204100054720041,1.27460148256461,0.498546758745914,0.59164415700258,0.176550905541615,0.311111907622783,0.122313540551342,-0.813301404655374,0.169731391507123,-0.886352377484027,0.194963210486035,-0.696098074109441,0.242460279410711
source/12kHz_DE_data/IR/0028/IR028_1_(1772rpm).mat,source,train,IR,2,1.84166936562389,0.194499835116333,1.40081255886296,0.0473106031956561,1.49480276537947,0.29138598435257,0.533006158525983,0.177209802908576,0.263780215713983,0.0744058037105888,-0.925347099192415,0.0941771718248625,-0.935576877812891,0.174571134861653,-0.704008063393201,0.244153565661442
source/12kHz_DE_data/IR/0028/IR028_2_(1750rpm).mat,source,validation,IR,2,1.62883244257459,0.236294485773873,1.35455993687368,0.124499898101122,1.34086763012182,0.458877889469741,0.79866218556129,0.128014813708669,0.314952207169136,0.118617252237978,-0.773685323284084,0.82981085158925,-0.815366340299899,0.106692766104639,-0.552319204802718,0.352942925825909
source/12kHz_DE_data/IR/0028/IR028_3_(1730rpm).mat,source,validation,IR,2,1.3820944618488,0.230300765774874,1.26101695495649,0.188616794399512,1.19729419691951,0.367020477193622,1.00335957780803,0.232809852813429,0.249475099903818,0.111320683099907,-0.9093820275007,0.205777319334339,-0.900863065940968,0.162216505961085,-0.891463740082409,0.298596226689685
source/12kHz_DE_data/OR/Centered/0007/OR007@6_0.mat,source,train,OR,1,-1.08268151325201,0.0708813393320504,-1.77601205598652,0.145631469897673,-0.151105784380244,0.0995704976898615,0.21468695085767,0.17485299908584,0.258837075654194,0.0382784348495014,2.38087660128976,0.275724743082433,-0.557729355397745,0.105889852422183,-1.26834638094507,0.222937668165751
source/12kHz_DE_data/OR/Centered/0007/OR007@6_1.mat,source,train,OR,1,-1.1985880517744,0.0745909174594157,-1.7512514477248,0.0694198735132017,-0.17729777224641,0.0368184214071551,0.131739974645131,0.108909449765993,0.0958543029908601,0.0190194476035695,2.30824201323812,0.0732067964220091,-0.555443417817947,0.065389096991269,-1.32613796993557,0.0447451354876032
source/12kHz_DE_data/OR/Centered/0007/OR007@6_2.mat,source,train,OR,1,-1.56578356679261,0.126311618625179,-1.97454684519849,0.0529227833782058,-0.300216471052252,0.0268402271296057,-0.0165593136709475,0.183580157235369,0.0665346507657102,0.0340146292154517,2.50502835547144,0.0398268068384717,-0.487184210685966,0.0907450499814066,-1.43655889792845,0.0334883295823214
source/12kHz_DE_data/OR/Centered/0007/OR007@6_3.mat,source,validation,OR,1,-0.976946517472691,0.0423681642062909,-1.82761602392568,0.0614135146830788,-0.0160334730040464,0.0559503519684489,-0.121843920556518,0.0961334368643849,0.122586927078497,0.0207441330285784,2.5405292139406,0.0738739865491924,-0.437590027244539,0.0664250377032397,-1.40545181595882,0.0809477947509392
source/12kHz_DE_data/OR/Centered/0014/OR014@6_0.mat,source,train,OR,1,1.42580639884217,0.243543855104292,1.42659858946316,0.227642418287473,1.32369127044955,0.329325944023807,-0.134844880663284,0.206294614151205,-1.12464344386395,0.0129032240464988,-0.794574585928728,0.287006507101183,-1.07590749446937,0.066585721523307,-0.457527466987947,0.26721808842764
source/12kHz_DE_data/OR/Centered/0014/OR014@6_1.mat,source,train,OR,1,1.45879294312901,0.175001190436349,1.43451445615906,0.0709122045351434,1.37592676130227,0.0729226479984173,-0.104296849386944,0.225285826082638,-1.13152133166305,0.0112939132522807,-0.896925901684543,0.478317675111459,-0.957200936781681,0.180333118759727,-0.54469350914176,0.238718971643835
source/12kHz_DE_data/OR/Centered/0014/OR014@6_2.mat,source,validation,OR,1,1.64560053501038,0.297178875455827,1.36012361761583,0.0596822616854054,1.55554559398043,0.302205022139451,-0.0625169423246279,0.128580191025212,-1.13152133166305,0.0133151309759714,-0.895292735296178,0.312708371831614,-1.03391140002491,0.108482389966437,-0.581969884230175,0.232282127484908
source/12kHz_DE_data/OR/Centered/0014/OR014@6_3.mat,source,train,OR,1,1.8610425563677,0.151868366940846,1.40570558578639,0.0519387940761877,1.34038234044429,0.276112036089105,-0.0545460162930054,0.130167252375261,-1.06193779827496,0.0843403386172223,-0.761602579664399,0.324853012684427,-0.306111723399834,0.604691590565148,-0.0915960626114267,0.30506145210545
source/12kHz_DE_data/OR/Centered/0021/OR021@6_0.mat,source,train,OR,1,-1.35896516278622,0.0650099183622697,-0.615937277689759,0.110864631938718,-1.25515886045107,0.034756500387195,0.355057382171534,0.729842213823075,1.23155965535917,0.316479775489119,-0.111325511170021,0.0439302113548894,1.16154732104401,0.359374357321165,0.94100175355754,0.1063131808621
source/12kHz_DE_data/OR/Centered/0021/OR021@6_1.mat,source,train,OR,1,-1.32202366722836,0.103299811203639,-0.477061014617832,0.0739308091326896,-1.23863516577566,0.0840828541194223,0.664495766376331,0.589948006525584,1.32066840231796,0.176301176778679,-0.511705203877165,0.119318102373733,1.46176579918478,0.350301855695107,0.98375084803677,0.141196059153296
source/12kHz_DE_data/OR/Centered/0021/OR021@6_2.mat,source,validation,OR,1,-1.31826148271934,0.0401629120840754,-0.447854161305279,0.190495405650445,-1.24379088758522,0.0840460945856345,0.695139415142644,1.15256587781914,1.23452994692446,0.315809064490504,-0.510464242852579,0.337658193332593,1.43178179212199,0.426849073751451,0.993879567306771,0.156373563245423
source/12kHz_DE_data/OR/Centered/0021/OR021@6_3.mat,source,test,OR,1,-1.07300363109438,0.0696938715212976,-0.294233903101915,0.159886278454404,-1.09938282221957,0.1018290414381,0.564744461449089,1.03856256094414,1.28694122067334,0.42077533577368,-0.5965026741657,0.140027502953254,1.61791014931827,0.585074012818652,0.87751754268571,0.160219140071381
source/12kHz_DE_data/OR/Opposite/0007/OR007@12_0.mat,source,test,OR,1,0.0106180075955018,0.194217769562977,0.430711888188727,0.1253627563899,-0.215506650650402,0.411217617798543,-0.280608115296979,0.261449442746024,-0.56127000710889,0.0808110937473578,-0.280737571573707,0.271165011408205,0.212008582447711,0.335020262699365,-0.120410829387056,0.50339882553533
source/12kHz_DE_data/OR/Opposite/0007/OR007@12_1.mat,source,test,OR,1,0.351628213850677,0.279460694199654,0.691239314533743,0.181701430437064,-0.0310456525141927,0.52351502457447,-0.476808980279427,0.180933563318185,-0.598178275204079,0.0916574487535242,-1.09784562533551,0.366946660983667,0.0395568436466336,0.602759974013863,0.157259831000917,0.521625864001612
source/12kHz_DE_data/OR/Opposite/0007/OR007@12_2.mat,source,test,OR,1,-0.134993421840008,0.150943304540777,0.124152042934335,0.11869021999401,-0.477074117422997,0.149024297088056,-0.203724321796103,0.0974350979229746,-0.465339171135621,0.0759819745573331,-0.366753023665622,0.0970422153622374,0.0993957799005219,0.170762947480525,0.208891349757328,0.211900643066629
source/12kHz_DE_data/OR/Opposite/0007/OR007@12_3.mat,source,train,OR,1,-0.114625249255721,0.0831483485355129,0.156654836062633,0.0919545035321123,-0.281718962686634,0.138062634241423,-0.38131886936782,0.117671296243161,-0.563952851103348,0.0277865985140311,-0.341711337009637,0.0818312889589431,-0.0481262415401399,0.206477844417524,0.151275449400713,0.26503930085939
source/12kHz_DE_data/OR/Opposite/0021/OR021@12_0.mat,source,validation,OR,1,-1.20885534333522,0.0816911963051892,-0.359876494902978,0.109546037026582,-1.46241901693225,0.0246212149828775,-2.36745001656782,0.406567628510352,0.64497497914228,0.175630465780065,0.0192111798163578,0.0767042402262666,1.69889750598994,0.274522770967117,1.61429891461651,0.0275382616333597
source/12kHz_DE_data/OR/Opposite/0021/OR021@12_1.mat,source,train,OR,1,-1.0832159347982,0.0715839719759495,-0.318844456268062,0.0830258573385309,-1.45341896003974,0.0520763598018263,-2.81463331874451,0.237256682807816,0.49818508630264,0.119194926039499,-0.854041890622371,0.0358020647612225,1.84851190264649,0.263708815157803,1.60653822889987,0.068591804720403
source/12kHz_DE_data/OR/Opposite/0021/OR021@12_2.mat,source,train,OR,1,-0.966500104480045,0.10121946044741,-0.264186018139819,0.116479815084257,-1.41244517595419,0.0501470750388269,-2.91315139254355,0.292550221020952,0.401506886645201,0.045129268621064,-0.824209327480316,0.830703058160517,1.81311886316002,0.185441026148801,1.59944925583507,0.078655466634989
source/12kHz_DE_data/OR/Opposite/0021/OR021@12_3.mat,source,test,OR,1,-0.644140377352369,0.205343037502602,-0.270837707145881,0.055985935931543,-1.33809968382261,0.104517935326347,-3.0962661946103,0.182318300628151,0.328782651223996,0.102570874859552,0.00503301681143201,0.869971461659514,1.87399754260171,0.331071908363912,1.66273343469302,0.0962683609759583
source/12kHz_DE_data/OR/Orthogonal/0007/OR007@3_0.mat,source,train,OR,1,-0.657223020255131,0.0652912945057225,-0.625953119535028,0.0397345829294524,0.26876244829384,0.0488440213658216,0.310112535531437,0.021972335429396,0.11741287080347,0.0769880410552551,0.450709154877223,0.127123681029345,-1.00762688561545,0.0833249327972455,-1.17290452196645,0.0671929070192412
source/12kHz_DE_data/OR/Orthogonal/0007/OR007@3_1.mat,source,train,OR,1,-0.784671016826696,0.0508542957815903,-0.75432732545562,0.0188363183395391,0.114911527307261,0.0376446588656972,0.361325444851269,0.0238324751856072,0.21993583773455,0.0275949668001411,0.502417379816592,0.0749142107971332,-1.02703649543324,0.0404948396507796,-1.22644585194551,0.019082395435065
source/12kHz_DE_data/OR/Orthogonal/0007/OR007@3_2.mat,source,test,OR,1,-0.564986036962269,0.0237894703430791,-0.711117885699684,0.0284841470162895,0.240678332437415,0.0237939239456455,0.36700518439102,0.00845274119492367,0.275796482333447,0.0508782200377602,0.669022369382081,0.0832959067938289,-0.970583055729912,0.0485377043380033,-1.09003731309066,0.0417763186125764
source/12kHz_DE_data/OR/Orthogonal/0007/OR007@3_3.mat,source,train,OR,1,-0.385229163282346,0.0340481779133577,-0.56601689974205,0.0372416313379549,0.589873226993899,0.0301892684205287,0.431640815291816,0.00948222687603401,0.217157177883147,0.087048706034473,0.458417561728945,0.0623458348907118,-0.946258695942989,0.106494518652329,-1.29910093123019,0.0303711551884454
source/12kHz_DE_data/OR/Orthogonal/0021/OR021@3_0.mat,source,train,OR,1,-0.46731690125117,0.107054987066677,-0.703279420132946,0.0793196288196341,-1.15342842744801,0.0375155469167494,0.383576916519162,0.66976210371895,-0.37343260115404,0.0947235561757623,0.549524659523338,0.0766549477591458,0.0994695015109504,0.438658219895822,1.31040563735098,0.0915566849838441
source/12kHz_DE_data/OR/Orthogonal/0021/OR021@3_1.mat,source,train,OR,1,-0.287927525703337,0.180596784736243,-0.611136436017404,0.0796141854565621,-0.882771084291451,0.0544718920670149,0.922519608105737,0.316453541059519,-0.463997749138392,0.0591758732491915,0.231851503396224,0.116816794346753,0.107880720560242,0.398479788731084,0.924695839459677,0.0824253457845079
source/12kHz_DE_data/OR/Orthogonal/0021/OR021@3_2.mat,source,train,OR,1,-0.277143582308992,0.163497801319806,-0.661179149523412,0.106518857132586,-0.936105608245334,0.05594015452024,0.951220325648793,0.271175140902741,-0.548315703249935,0.107850328577218,0.326686933581247,0.0597183326585134,-0.0932588968312377,0.351997562481427,1.04271061955047,0.0521426452085625
source/12kHz_DE_data/OR/Orthogonal/0021/OR021@3_3.mat,source,train,OR,1,-0.0242723290798505,0.168575077379093,-0.506835528226912,0.130660642255893,-0.798156760157691,0.110688314770864,0.895601292377343,0.457444058476323,-0.551880053128286,0.103749409899975,0.260008205725465,0.0629613463895461,-0.255410360689752,0.463128669134275,0.958157441973293,0.142473024493416
source/48kHz_DE_data/B/0007/B007_0.mat,source,test,B,3,0.200882141465184,0.0822754920091636,0.931841344654652,0.0625205677461896,0.140057108908642,0.115668589136625,-0.214165929342622,0.0611806502240887,-1.00921533240309,0.032536078872043,-0.699316344051339,0.0869568604481726,-0.783463104361576,0.246898383992235,-0.215298976514323,0.112574157765331
source/48kHz_DE_data/B/0007/B007_1.mat,source,validation,B,3,0.316757404200759,0.0548931717604949,0.981201301068431,0.0230878640112915,0.142219801629879,0.277181797693395,-0.120185151018071,0.140914580454607,-1.03353125216526,0.0182123285668017,-0.708727965342717,0.160015302499512,-0.947468567682519,0.0777163580585812,-0.220952096253782,0.386107470490309
source/48kHz_DE_data/B/0007/B007_2.mat,source,validation,B,3,0.998009467342615,0.331473491242006,1.33777757971282,0.0723913528819786,1.16653732797296,0.193126209177447,-0.136996051311533,0.123411735428951,-1.02432664286258,0.0137330801895612,-1.07286814217132,0.448290718827958,-0.936860123130933,0.1769180905331,-0.921927971945488,0.174853367474507
source/48kHz_DE_data/B/0007/B007_3.mat,source,train,B,3,1.05708150884084,0.28584496209971,1.22609531450575,0.112614847231156,0.889343174009505,0.392923517490686,0.0217224747039517,0.0847561474516613,-1.03230068942426,0.0198858938945619,-1.05331736042582,0.525141236372483,-0.875730049456196,0.107824436453926,-0.646103994118585,0.107392151413396
source/48kHz_DE_data/B/0014/B014_0.mat,source,train,B,3,0.0764131723894213,0.126938278564871,0.864962310530397,0.257962257756139,-0.304791374742569,0.210889898877081,-0.0681229427649878,0.111974795785962,-0.776392861805873,0.0302718434286028,-0.974120281855394,0.209186533588454,0.704298628389354,0.405147796473906,0.404969371537096,0.124918076268467
source/48kHz_DE_data/B/0014/B014_1.mat,source,train,B,3,0.302556196846381,0.300220635141616,1.06411131770083,0.0910522557307483,-0.191249403314898,0.462054660868334,0.325313752217121,0.295041208741146,-0.766991362464632,0.311627708530868,-0.433051368733532,0.192211602316262,1.41099079182381,1.14014893806762,0.341397544393637,1.14110961906759
source/48kHz_DE_data/B/0014/B014_2.mat,source,train,B,3,0.169675713733791,0.0753222048910699,0.891057206442234,0.0976432375024012,-0.539966809199971,0.465972257033184,1.43485952757437,1.56093773401244,-0.4212032322436,0.180006717753497,-0.651802290751569,0.631573045531479,2.45319846636572,0.695448836647924,0.539195453402449,0.357014774919335
source/48kHz_DE_data/B/0014/B014_3.mat,source,test,B,3,0.452794532222865,0.796037499392239,0.911249554390661,0.299529425812467,-0.353785220304939,0.714992638140822,0.951309168578025,1.59948970473102,-0.464174483159324,0.207374433113339,-0.386864867471046,0.0741814567270136,1.87862418416149,0.145024901620545,0.773337624719077,0.393308373236986
source/48kHz_DE_data/B/0021/B021_0.mat,source,train,B,3,0.530810540641454,0.159207285722928,1.16588974508267,0.0439397254827629,0.755686992030277,0.0270496025226187,-0.133103546588941,0.111999320701608,-0.637767028749555,0.0341688190406277,-0.988620337267601,0.35895523787603,-0.91899845102524,0.0429990122609735,-0.52698039130766,0.273309735561755
source/48kHz_DE_data/B/0021/B021_1.mat,source,train,B,3,0.380931040388033,0.291120346533905,1.09457738458553,0.0696096503121586,0.126707081647435,0.452530596927508,-0.104799377578564,0.197216378445006,-0.463879148101484,0.266736779739184,-1.0771881395395,0.139841099052929,0.381382363897795,0.785561057305732,0.000740146964866177,0.112055660629181
source/48kHz_DE_data/B/0021/B021_2.mat,source,train,B,3,0.0433789087328518,0.1017444416622,1.01810532660911,0.241879856648075,0.154607293182575,0.570477412371652,0.133196547689672,0.0410452543222701,0.261168418895782,0.0523727502569649,-0.736191963130989,0.95176558212985,1.08232871867621,1.24704370025679,-0.277286917234466,0.291815871003033
source/48kHz_DE_data/B/0021/B021_3.mat,source,test,B,3,0.366042806158237,0.250498757934237,1.16054904652147,0.224589009720687,0.276618254428142,1.44605058305606,0.189299726042548,0.00732929002904373,0.312212161392466,0.249804236423023,-0.921171818233409,0.18980479090128,1.15845556966676,0.237702607290484,-0.246846777628588,0.909851953089601
source/48kHz_DE_data/IR/0007/IR007_0.mat,source,train,IR,2,-0.0197210597991019,0.0111164073167272,-1.04889899616191,0.00920557422591139,1.25843366468466,0.0178696221317989,-0.0983471893784179,0.057326418039404,0.132360734122923,0.0393876876549022,0.972794654909202,0.0649417238008396,-0.398213392692696,0.13648687680905,-1.30628073367259,0.044714634496418
source/48kHz_DE_data/IR/0007/IR007_1.mat,source,test,IR,2,-0.344328758720551,0.0729142187929049,-1.40478786931303,0.0353768605955571,1.30120839694292,0.0242167145858887,-0.769617058724022,0.290777597076968,-0.565474407998453,0.00930305432196088,1.52893494588757,0.0277677458895025,-0.3258856348601,0.103502213218481,-1.44482795602557,0.0781929248727851
source/48kHz_DE_data/IR/0007/IR007_2.mat,source,train,IR,2,0.000648620578854357,0.0595695108607492,-1.21218961776409,0.0555787930353575,1.34883800621551,0.0389138564290912,-0.639417942055047,0.048966401370983,-0.554300898310172,0.0132408550931613,1.31081853248061,0.0392566723774648,-0.309750526700695,0.0685113478591978,-1.30160976283306,0.0385766073619656
source/48kHz_DE_data/IR/0007/IR007_3.mat,source,test,IR,2,1.10332301939572,0.0889248111145047,-0.595253321165449,0.0191128995162521,2.77684110940785,0.123260536746185,-1.15286182529945,0.119727057142888,-0.594811023743896,0.0176708809607617,0.919025411136576,0.022589570892505,-0.422275282434499,0.0523247922548766,-1.3494959127032,0.0931562646278239
source/48kHz_DE_data/IR/0014/IR014_0.mat,source,train,IR,2,-0.330666530491875,0,0.745202707325531,0,-0.236985594523179,0,-0.703678028217741,0,-0.651454250209633,0,-0.828000801487525,0,0.415047261209824,0,-0.520805243665855,0
source/48kHz_DE_data/IR/0014/IR014_1.mat,source,validation,IR,2,-0.829574582894987,0.201720830655744,-0.0914400406543661,0.119099383563766,-0.847461403107832,0.170558730067064,0.492110853209429,0.611468984533116,-0.0764924796671966,0.157846158277021,0.212624539063125,0.0978259205116334,1.33295499575831,0.223665898774029,0.470627902708114,0.0979719943911102
source/48kHz_DE_data/IR/0014/IR014_2.mat,source,train,IR,2,-0.851016628846232,0.0554795897684383,-0.10698743766707,0.129964768971202,-0.914731587314934,0.0298635414118972,0.677362776686225,0.770136093382971,-0.308682898392846,0.0697162071491772,0.238975426244462,0.06100646725635,1.23135782529138,0.177597320185929,0.483595841890258,0.0718637921184423
source/48kHz_DE_data/IR/0014/IR014_3.mat,source,test,IR,2,-0.838506036407143,0.0868463339824835,-0.123535147687591,0.0264725001245254,-1.00241392319147,0.0350147146115615,0.562746449561013,0.757754647860621,-0.166394876739511,0.085077405334589,0.305982079503412,0.0748403510368282,1.24080672283617,0.392327209477515,0.671539245032335,0.0143408418391532
source/48kHz_DE_data/IR/0021/IR021_0.mat,source,test,IR,2,0.466707557189515,0.0682249002584454,0.0985768069788365,0.134281607755137,0.860117901939555,0.0488450029747317,-0.366274232844184,0.189230602437618,-0.0467676014120862,0.0801342456939272,-0.310170749070184,0.111150735448063,-0.672205542328044,0.114223402340097,-0.623784375430787,0.24317345011167
source/48kHz_DE_data/IR/0021/IR021_1.mat,source,train,IR,2,0.798778929459415,0.288080742364712,0.17192288876677,0.0521673466317847,0.375118255049513,0.344527582761348,0.0073978472176174,0.0161224143522999,0.0734829896384446,0.114983782519051,-0.721529287871161,0.0744272922935915,-0.670629919476528,0.11898575983061,0.0786928073372151,0.111341006964945
source/48kHz_DE_data/IR/0021/IR021_2.mat,source,train,IR,2,0.253815631298743,0.0614414680543881,-0.25675601545053,0.0637873373769762,-0.321963919585124,0.112497125013393,0.29602348992531,0.0631177555195323,0.223365531492258,0.045924601494124,-0.238624888721544,0.275679681864363,-0.914627456391012,0.0920343539182449,1.12241961369172,0.0998986960043069
source/48kHz_DE_data/IR/0021/IR021_3.mat,source,train,IR,2,0.296172833078988,0.00611324480143705,-0.132985777356924,0.00616328629735227,-0.155169075744989,0.121613464247714,0.171270305827976,0.0342347779144679,-0.474068207596965,0.0141760827763214,-0.451609827398493,0.173306660225638,-0.847261981081979,0.0479251053659291,0.495413499973435,0.0470735319788455
source/48kHz_DE_data/OR/Centered/0007/OR007@6_0.mat,source,validation,OR,1,-1.15841756254419,0.101172097780281,-1.8076867761211,0.142795852659339,-0.0810544985380285,0.0679660573352446,0.401579807964106,0.0962467434603286,1.46543702280309,0.122200300949334,2.47105335285359,0.237046941454099,-0.66197672812384,0.0249692500776726,-1.33784494375494,0.162115030255835
source/48kHz_DE_data/OR/Centered/0007/OR007@6_1.mat,source,train,OR,1,-1.17877136962367,0.0262986587061627,-1.79715918202439,0.0100876017692202,-0.0937554206142313,0.00589446068658615,0.359389578654547,0.0194308830309729,1.1377314615143,0.0251096508799999,2.46975872992658,0.0322776879926749,-0.63072337605254,0.0150849385167091,-1.35181054996573,0.0251584181039892
source/48kHz_DE_data/OR/Centered/0007/OR007@6_2.mat,source,train,OR,1,-1.52791757903018,0.0386202337369952,-1.89472086096802,0.0554608644052781,-0.264743756394694,0.0158950328742221,0.433538665532041,0.0645447499217441,1.02843062827195,0.040076972188863,2.45034742614032,0.0362627168622618,-0.644038332526124,0.0491767225922032,-1.34803208457116,0.0530241890921286
source/48kHz_DE_data/OR/Centered/0007/OR007@6_3.mat,source,train,OR,1,-1.18829107394935,0.0145769842222134,-1.82531335068321,0.027515662564459,-0.0889374151059832,0.0291423216215578,0.393256084569551,0.0294282180395707,1.0639780163805,0.0203831283614118,2.47810684403428,0.0214937413375527,-0.580074983024855,0.024913443782775,-1.31935849037353,0.0124620422255244
source/48kHz_DE_data/OR/Centered/0014/OR014@6_0.mat,source,test,OR,1,0.433233557908341,0.125853226200598,1.0614027399553,0.0302963145895641,0.58209111045525,0.116433510883315,-0.225837439929501,0.169745383503194,-1.03131623923146,0.0107305071015209,-0.718174525431241,0.191321697400482,-0.929421055277832,0.0421626411332617,-0.523262822073248,0.173352689513217
source/48kHz_DE_data/OR/Centered/0014/OR014@6_1.mat,source,validation,OR,1,0.857632978608639,0.234342722000138,1.33859804363402,0.0833623894238196,0.683195785324433,0.233557925004685,-0.21602578537281,0.0764947339890723,-1.04239130390046,0.0163910957101214,-1.26716101342317,0.149468093897257,-0.897680655778543,0.157960463572893,-0.294885990508429,0.251254055564309
source/48kHz_DE_data/OR/Centered/0014/OR014@6_2.mat,source,train,OR,1,1.15411429447133,0.214375057413299,1.33551177100753,0.115952310931566,0.617144686859275,0.66756047873426,-0.150270197708623,0.114845156476743,-1.01275935309717,0.0208211215777216,-0.894856142200205,0.292689190880412,-0.885759102411665,0.148131367359105,-0.310363990454503,0.650766643259515
source/48kHz_DE_data/OR/Centered/0014/OR014@6_3.mat,source,validation,OR,1,1.24962905936811,0.257149357042344,1.27797780519305,0.0945006102326504,0.927006076929912,0.230183389189093,-0.0599367223939552,0.060059768869287,-1.00532675414153,0.0342096441998031,-0.762502083974554,0.150321871912876,-0.897956355320716,0.185213645303223,-0.145758995956274,0.190017833920976
source/48kHz_DE_data/OR/Centered/0021/OR021@6_0.mat,source,train,OR,1,-1.27258603177693,0.150056186993199,-0.542980237229351,0.1243246239266,-1.21781589924451,0.0104558996321273,-1.33158552192314,1.08915181491618,1.52442008506631,0.256019969756865,-0.16864997308689,0.155348653543185,1.26501360011518,0.205730806035394,0.941988859242752,0.057057038139902
source/48kHz_DE_data/OR/Centered/0021/OR021@6_1.mat,source,train,OR,1,-1.38272095301205,0.0301432904578873,-0.582372655721846,0.186023544068594,-1.18572534783697,0.029520455068212,-2.17360807223161,0.613572056433422,1.60260464506129,0.45571554616722,-0.132080055153351,0.27132396396559,1.33577466650717,0.498603197829334,0.877987972588899,0.0970203958716032
source/48kHz_DE_data/OR/Centered/0021/OR021@6_2.mat,source,train,OR,1,-1.33847282642201,0.0206354855081885,-0.452265417620716,0.151752797273877,-1.14310850241808,0.129212962675416,-2.11616456343038,0.547891005939589,1.82317569592874,0.459260438056161,-0.534373547062046,0.108327565940283,1.8142300629096,0.799604271825117,0.910267553508976,0.210164000900351
source/48kHz_DE_data/OR/Centered/0021/OR021@6_3.mat,source,train,OR,1,-1.06762439707526,0.0482690793032845,-0.280914850627318,0.11656384112515,-1.13717024262281,0.0961698057290552,-1.76105647235243,0.697627275580416,1.45864264668262,0.283591351115296,-0.471670817091529,0.205512279073119,1.59740681549464,0.431006786292197,0.920680260638151,0.0666039598314508
source/48kHz_DE_data/OR/Opposite/0007/OR007@12_0.mat,source,train,OR,1,-0.106694230720229,0.0738214787278906,0.304264406252524,0.153187217363176,0.0982407013003409,0.0668070217261383,0.062966965207904,0.167059013516589,-0.696504728660145,0.0695760173761464,0.328169016800767,0.124138587175272,-0.0718654287880238,0.176084514717723,-0.569531163033503,0.152191354484738
source/48kHz_DE_data/OR/Opposite/0007/OR007@12_1.mat,source,validation,OR,1,-0.450288112852047,0.0113780597640788,0.122045003695351,0.0478605080667779,-0.552886476038581,0.0834321502386354,0.00669828950146203,0.153220645317158,-0.442467356408082,0.0745228795949669,-0.273920774027327,0.147066406422534,0.230336594012209,0.260705440784104,0.131326756477395,0.118353079754927
source/48kHz_DE_data/OR/Opposite/0007/OR007@12_2.mat,source,train,OR,1,-0.548665204995702,0.00878110562167989,0.125751472363413,0.059548545131306,-0.670378077161558,0.029459685391479,0.185949489484458,0.192231380958875,-0.405107471591319,0.0614296920307256,-0.367691440256907,0.0746293500544166,0.418907818937019,0.0935076407550072,0.26703761288827,0.0618138891565596
source/48kHz_DE_data/OR/Opposite/0007/OR007@12_3.mat,source,test,OR,1,-0.34264672296221,0.0212348609149158,0.346091964534994,0.149498773499086,-0.612459471193526,0.0601769942521705,0.00995511980335404,0.233969834463755,-0.41844677170376,0.0267278227345225,-0.491298871629036,0.0748377999146854,0.537075207966191,0.174763521907286,0.303511930326469,0.284973652465377
source/48kHz_DE_data/OR/Opposite/0021/OR021@12_0.mat,source,test,OR,1,-1.89446911861322,0.0372639409378195,-0.448883250064445,0.121807522788103,-1.65605580167351,0.015747289655764,0.799404558923387,0.142353415947029,1.26524910029705,0.0560289856890983,0.198947531303865,0.0391095895834491,1.08368186739654,0.0453332028309821,1.64892211822265,0.037057281251631
source/48kHz_DE_data/OR/Opposite/0021/OR021@12_1.mat,source,test,OR,1,-1.90745460340521,0.0605186018221116,-0.590701031068963,0.120963081099129,-1.67238105584626,0.0166812538993153,0.909043631695399,0.109716031893316,0.910562972964656,0.0787753753098044,-0.693253760190957,0.0266350679099022,1.04896396060819,0.210184684457739,1.78160325678603,0.0434952462592439
source/48kHz_DE_data/OR/Opposite/0021/OR021@12_2.mat,source,train,OR,1,-1.80798842348319,0.0231085380094664,-0.371655841962138,0.0421603716387465,-1.65036961602977,0.0321716262498566,1.05774144454896,0.100169565585811,0.842028396445125,0.115996740143688,-0.670050089466365,0.0255692972672311,1.20166422464174,0.147661177851141,1.77763311916535,0.0512573405054164
source/48kHz_DE_data/OR/Opposite/0021/OR021@12_3.mat,source,validation,OR,1,-1.75733926224611,0.019491558551761,-0.499356485488977,0.113484379094429,-1.65078991912067,0.0531322423715763,0.84643330538643,0.152251873457986,0.498173883217828,0.0645958077540398,-0.693920435452514,0.00977501409441295,1.11612958119438,0.254421128316437,1.74645084342423,0.0803218103311716
source/48kHz_DE_data/OR/Orthogonal/0007/OR007@3_0.mat,source,train,OR,1,-0.421308238380011,0.0139964688076644,-0.775224992249592,0.0598711964978001,0.216892446442656,0.0506187323085633,0.402701425717605,0.0541049602920357,-0.462747030379764,0.0349972043540431,0.989534309577878,0.10767730512303,-0.726469508389528,0.048928154077673,-1.06254819194117,0.10227074607494
source/48kHz_DE_data/OR/Orthogonal/0007/OR007@3_1.mat,source,test,OR,1,-0.638877780532718,0.027268288903228,-1.10006339000962,0.018732592894857,0.281012638871447,0.0196601289007047,0.284048578176122,0.0548545058429937,-0.30996036045719,0.0110750646690012,1.3719432688808,0.0304669645278517,-0.737445086931779,0.0268777190549941,-1.40816994194062,0.000700943419930544
source/48kHz_DE_data/OR/Orthogonal/0007/OR007@3_2.mat,source,train,OR,1,-0.508423972142831,0.0146323581494169,-0.982389406954813,0.0147240362005018,0.368692026335381,0.0160542091115772,0.310285813222544,0.0505330201430166,-0.368879704496276,0.0196397813463618,1.19210236309503,0.0145073366000084,-0.782829497537917,0.0143939714371755,-1.23450868997194,0.0453236697827619
source/48kHz_DE_data/OR/Orthogonal/0007/OR007@3_3.mat,source,train,OR,1,-0.156594765904203,0.00986315122332584,-0.855460240465485,0.0104378350524009,0.550078733589469,0.0251254912016811,0.184524328296649,0.0589131079020107,-0.41465663846148,0.0411007955494038,1.02251769985961,0.0155595783368829,-0.87634848596266,0.0917973650910681,-1.29581059965754,0.0156360186987488
source/48kHz_DE_data/OR/Orthogonal/0021/OR021@3_0.mat,source,train,OR,1,1.34844329823781,0.197541223099742,-0.298791976246766,0.0109420474966498,-0.460548448685827,0.111901467084146,-1.59208549463988,0.327369307580359,-0.00126199624633314,0.0659743768219614,0.36756003028212,0.117823475134699,0.359449604030189,0.16701219086266,1.350690983522,0.0691196744412874
source/48kHz_DE_data/OR/Orthogonal/0021/OR021@3_1.mat,source,validation,OR,1,0.465079099965593,0.0949524863147863,-0.400378706131307,0.0162047721918308,-0.607857914890616,0.16278026027354,0.228390633231833,0.450496595022391,1.00666893084262,0.182758870718747,0.139354387269354,0.0476308200644338,0.17118768760103,0.214895757890075,0.930163707513612,0.0748725260746027
source/48kHz_DE_data/OR/Orthogonal/0021/OR021@3_2.mat,source,train,OR,1,0.681655541838172,0.096892132922353,-0.284553811246997,0.0322440577374224,-0.54342724825465,0.104088536511283,0.280842987123864,0.11814017693178,0.829424336395557,0.0785784368715303,0.188883705207697,0.204355944953931,0.0273868328052384,0.036083025299497,0.964470394398225,0.182413859331809
source/48kHz_DE_data/OR/Orthogonal/0021/OR021@3_3.mat,source,train,OR,1,0.66748312032093,0.0502523255966816,-0.306542720812783,0.0689163303959353,-0.594575049510702,0.148734363433155,-0.736533663171377,0.108675322011411,0.806776415993988,0.0689284533960792,0.186144381156206,0.0798570554562022,0.188672778068877,0.0170546078312136,0.922194553507572,0.118165206269375
source/48kHz_Normal_data/N_0.mat,source,test,N,0,1.88389251205115,0.201440406959229,1.56163743164819,0.0600665995587764,2.08779530907733,0.575281399052165,-0.341870722824921,0.338895652179134,-1.17888532313219,0.00686654009478049,-1.10524199544293,0.351937630355231,-1.16649847196768,0.17698748526522,-0.904774193315297,0.248363229303757
source/48kHz_Normal_data/N_1_(1772rpm).mat,source,validation,N,0,1.71585755296614,0.598411216738391,1.49205924948669,0.0848495463680146,1.53812461236129,0.317006099482809,-1.19231250075848,0.187831588664638,-1.18557958444323,0.00782637903276084,-1.10243765017536,0.216168330515292,-1.00006038249424,0.186583786309073,-0.577083063755652,0.308176227942258
source/48kHz_Normal_data/N_2_(1750rpm).mat,source,train,N,0,1.97171840460648,0.304884294632267,1.58028308860012,0.0798302062876486,2.08712537332,0.326283584247866,-1.25776313060968,0.147074416224973,-1.18469357926971,0.00797404656168088,-1.10649588536419,0.466504235902448,-0.958660306259399,0.130635142614993,-0.667931344761922,0.36521040169209
source/48kHz_Normal_data/N_3.mat,source,train,N,0,2.33988330577623,0.170822408829714,1.5995532672973,0.0648471802759492,2.42946154331147,0.330599854155283,-0.981892680849307,0.0973764816016571,-1.18169100618167,0.0115672897654009,-0.75798199096573,0.149352927974951,-0.996172091918755,0.174154282296284,-0.776458173060197,0.21301660770677
target/A.mat,target,target,,-1,2.93458104544407,0.0895572017440438,1.73589564247092,0.0182037648107007,3.57167208542163,0.352819811398675,-0.0864818995140023,0.125270596693556,5.82927372562633,0.133097951416921,-1.09794115972528,0.66140892791994,-0.760854242529952,0.0391299841748268,-0.930559244561325,0.0718529882389424
target/B.mat,target,target,,-1,2.96129282766363,0.20956178406779,1.68070482479943,0.0318752839319245,2.92678923412466,0.518025119813809,0.0482067593983216,0.0741190256405886,3.68032394840036,0.565500913363589,-0.551558546410853,0.570850427633586,0.436140793315485,0.364966754577887,-0.719893534918706,0.11203124447867
target/C.mat,target,target,,-1,1.24491008726368,0.101472249777047,0.378106945149973,0.0679640052078023,0.846647154005552,0.144684768006198,0.27243111312899,0.300759179160701,161.646721304304,1.06461823117701,1.6716797676015,0.159194450393011,1.84136593038507,0.054043735977845,-0.0768799210247725,0.0996753948683178
target/D.mat,target,target,,-1,2.51404682795824,0.237056831210079,1.69734679602012,0.0321538554893306,3.84134352129429,0.493103696188627,-0.0230914747118262,0.029805132281837,14.9396366591309,0.382292773975337,-1.44903590440178,0.112870828177356,-0.875300628732342,0.066522358822325,-1.27162769512182,0.0202608246237985
target/E.mat,target,target,,-1,2.23534068881962,0.139189166160738,0.952537433631921,0.0502204652639651,1.93308312514999,0.164027113848097,-0.525782408770078,0.615629392994526,83.3272428157429,0.310600475343108,-0.448825662663746,0.975433587399813,2.07921304187103,0.0967345998024596,-0.371781481232397,0.0836689121583684
target/F.mat,target,target,,-1,2.79964436661335,0.179999263604322,1.69976181499853,0.0486743172778736,4.25734364699509,0.347604854775527,-0.0290979899785129,0.0660440150689097,9.95613712034246,0.765743209058925,-1.28502060517564,0.124872933355482,-0.938143005645355,0.114858843705145,-1.13895181719017,0.149240278549984
target/G.mat,target,target,,-1,2.71233439196268,0.242546439058573,1.63858237968666,0.0418929085181456,2.9101604329401,0.151923515515656,-0.398891708031033,0.139605570089949,3.39547316370788,0.162221397297287,-0.0376767544785857,0.334885753484306,-0.090812783906857,0.109297194249424,-0.890838395961936,0.103212281798357
target/H.mat,target,target,,-1,1.05582577453474,0.111460970800092,-0.191995348084962,0.240962708118491,3.43259975276867,0.161459623174876,-1.91421135372731,0.0581181553712935,28.520820640628,0.359767996411986,1.12725171686404,0.282702324334934,-0.0679652856403372,0.049795889984153,-1.4541645550914,0.0940205597193831
target/I.mat,target,target,,-1,2.03927042443497,0.127727643471929,0.433010040508101,0.0363832388474835,1.61848429644643,0.0601831479639101,-0.068753208737892,0.257390352640334,139.732163449128,0.782611985207666,-0.567377336874415,1.30701311443309,1.47586017980748,0.0513105938802232,-0.0360586485633781,0.0818259628449934
target/J.mat,target,target,,-1,1.89911019910804,0.193632691955974,0.312917253971404,0.0833881170568563,1.62790555401184,0.0923579614926959,1.33781074963407,0.118424837488221,193.72766055593,6.12412649072988,-0.580437362167073,0.0820683536896086,3.01789666549089,0.0497574585522091,-0.155859506439411,0.111254951916135
target/K.mat,target,target,,-1,0.428349855881069,0.204612243536917,-0.655823503950739,0.123159465989658,3.32883144191019,0.0887927538249338,-0.335623211877148,0.0134177757766871,25.7052565212408,0.618273721883892,1.5988153117911,0.102431057648068,-0.278361769443095,0.0798460702513747,-1.66308259972996,0.020084828674017
target/L.mat,target,target,,-1,2.90520148176898,0.168632188195476,1.51091757450499,0.106785474138616,2.16024470288448,0.632948628002635,0.011077670882614,0.0251067653629402,3.30481176091619,0.12272861549018,-0.459855925439188,0.436907698764921,-0.416471551319635,0.0388042709615442,-0.407820146453852,0.429436176596444
target/M.mat,target,target,,-1,0.975761737816536,0.157852319013708,-0.0141069504394375,0.0953180406398504,3.55366779347232,0.034572403461377,-0.571830032695339,0.0219453262434468,19.8414383997086,1.57150841643158,1.15306482128871,0.0747535897397291,-0.7902829553918,0.207135742711631,-1.62998288750281,0.0454019790474733
target/N.mat,target,target,,-1,2.79208895494171,0.0700657028885598,1.71762392468344,0.00392806742615037,4.38017754777599,0.225442536105019,-1.02882411767057,0.570687875425849,70.1548455095842,4.88068269436009,-0.752673621269183,0.372939276310598,4.09436848201669,0.479669853812786,-1.25449192699904,0.0472783869314979
target/O.mat,target,target,,-1,3.07527385284674,0.242450036565541,1.58413528958825,0.0415605221245035,2.73841270003721,0.0382307195894334,0.0398546020616503,0.0331835757911817,2.56185793767393,0.417386443571102,0.0548705924852782,0.160794732757259,-0.289803988281538,0.263909408196698,-0.585820713450038,0.145297282898314
target/P.mat,target,target,,-1,2.76895565703506,0.0967014752312054,1.75817075871113,0.0453734481509322,3.52037187135772,0.189252902804752,-0.0459111262685939,0.038392310857765,15.6336048794784,0.242959990589711,-1.36531761862651,0.221585676289062,-0.886149334087357,0.0388832020019567,-1.32113619193891,0.137187627359269
