model,fold,C,gamma,features,fit_files,hold_files,fit_seconds,accuracy,macro_f1,balanced_accuracy,normal_recall,n_files,representation,stage
rbf_file_class_balanced,0,1,0.03125,env_entropy|env_centroid_order|skewness|env_spread_order|peak_to_peak|crest_factor|ac_rms,34,36,0.00229791691526771,0.555555555555556,0.428968253968254,0.586805555555556,1,36,equal_revolutions,train70
rbf_file_class_balanced,1,1,0.03125,env_spread_order|env_centroid_order|skewness|env_entropy|env_peak_order|peak_to_peak|env_low_order_ratio|env_harmonic_ratio,36,34,0.0024585840292275,0.588235294117647,0.509897987317342,0.649859943977591,1,34,equal_revolutions,train70
rbf_file_class_balanced,0,1,0.125,env_entropy|env_centroid_order|skewness|env_spread_order|peak_to_peak|crest_factor|ac_rms,34,36,0.0020272919209674,0.611111111111111,0.51464626391097,0.659722222222222,1,36,equal_revolutions,train70
rbf_file_class_balanced,1,1,0.125,env_spread_order|env_centroid_order|skewness|env_entropy|env_peak_order|peak_to_peak|env_low_order_ratio|env_harmonic_ratio,36,34,0.00260433391667902,0.647058823529412,0.567787114845938,0.713352007469654,1,34,equal_revolutions,train70
rbf_file_class_balanced,0,1,0.5,env_entropy|env_centroid_order|skewness|env_spread_order|peak_to_peak|crest_factor|ac_rms,34,36,0.00212150008883327,0.666666666666667,0.596428571428571,0.732638888888889,1,36,equal_revolutions,train70
rbf_file_class_balanced,1,1,0.5,env_spread_order|env_centroid_order|skewness|env_entropy|env_peak_order|peak_to_peak|env_low_order_ratio|env_harmonic_ratio,36,34,0.00254387489985675,0.794117647058823,0.74863782051282,0.834033613445378,1,34,equal_revolutions,train70
rbf_file_class_balanced,0,1,2,env_entropy|env_centroid_order|skewness|env_spread_order|peak_to_peak|crest_factor|ac_rms,34,36,0.00227825006004423,0.638888888888889,0.607142857142857,0.701388888888889,1,36,equal_revolutions,train70
rbf_file_class_balanced,1,1,2,env_spread_order|env_centroid_order|skewness|env_entropy|env_peak_order|peak_to_peak|env_low_order_ratio|env_harmonic_ratio,36,34,0.00260066706687212,0.705882352941177,0.749095731854353,0.76890756302521,1,34,equal_revolutions,train70
rbf_file_class_balanced,0,4,0.03125,env_entropy|env_centroid_order|skewness|env_spread_order|peak_to_peak|crest_factor|ac_rms,34,36,0.00210129201877862,0.555555555555556,0.428968253968254,0.586805555555556,1,36,equal_revolutions,train70
rbf_file_class_balanced,1,4,0.03125,env_spread_order|env_centroid_order|skewness|env_entropy|env_peak_order|peak_to_peak|env_low_order_ratio|env_harmonic_ratio,36,34,0.00256354105658829,0.588235294117647,0.509897987317342,0.649859943977591,1,34,equal_revolutions,train70
rbf_file_class_balanced,0,4,0.125,env_entropy|env_centroid_order|skewness|env_spread_order|peak_to_peak|crest_factor|ac_rms,34,36,0.00208920903969556,0.611111111111111,0.51464626391097,0.659722222222222,1,36,equal_revolutions,train70
rbf_file_class_balanced,1,4,0.125,env_spread_order|env_centroid_order|skewness|env_entropy|env_peak_order|peak_to_peak|env_low_order_ratio|env_harmonic_ratio,36,34,0.00257041596341878,0.647058823529412,0.567787114845938,0.713352007469654,1,34,equal_revolutions,train70
rbf_file_class_balanced,0,4,0.5,env_entropy|env_centroid_order|skewness|env_spread_order|peak_to_peak|crest_factor|ac_rms,34,36,0.00221320800483227,0.666666666666667,0.596428571428571,0.732638888888889,1,36,equal_revolutions,train70
rbf_file_class_balanced,1,4,0.5,env_spread_order|env_centroid_order|skewness|env_entropy|env_peak_order|peak_to_peak|env_low_order_ratio|env_harmonic_ratio,36,34,0.00269791705068201,0.794117647058823,0.74863782051282,0.834033613445378,1,34,equal_revolutions,train70
rbf_file_class_balanced,0,4,2,env_entropy|env_centroid_order|skewness|env_spread_order|peak_to_peak|crest_factor|ac_rms,34,36,0.00246516696643084,0.638888888888889,0.607142857142857,0.701388888888889,1,36,equal_revolutions,train70
rbf_file_class_balanced,1,4,2,env_spread_order|env_centroid_order|skewness|env_entropy|env_peak_order|peak_to_peak|env_low_order_ratio|env_harmonic_ratio,36,34,0.00290208391379565,0.705882352941177,0.749095731854353,0.76890756302521,1,34,equal_revolutions,train70
rbf_file_class_balanced,0,16,0.03125,env_entropy|env_centroid_order|skewness|env_spread_order|peak_to_peak|crest_factor|ac_rms,34,36,0.00206925009842962,0.555555555555556,0.428968253968254,0.586805555555556,1,36,equal_revolutions,train70
rbf_file_class_balanced,1,16,0.03125,env_spread_order|env_centroid_order|skewness|env_entropy|env_peak_order|peak_to_peak|env_low_order_ratio|env_harmonic_ratio,36,34,0.00263770797755569,0.588235294117647,0.509897987317342,0.649859943977591,1,34,equal_revolutions,train70
rbf_file_class_balanced,0,16,0.125,env_entropy|env_centroid_order|skewness|env_spread_order|peak_to_peak|crest_factor|ac_rms,34,36,0.00201941595878452,0.638888888888889,0.543219535324798,0.6875,1,36,equal_revolutions,train70
rbf_file_class_balanced,1,16,0.125,env_spread_order|env_centroid_order|skewness|env_entropy|env_peak_order|peak_to_peak|env_low_order_ratio|env_harmonic_ratio,36,34,0.00250649999361485,0.735294117647059,0.711842105263158,0.804621848739496,1,34,equal_revolutions,train70
rbf_file_class_balanced,0,16,0.5,env_entropy|env_centroid_order|skewness|env_spread_order|peak_to_peak|crest_factor|ac_rms,34,36,0.00217270897701383,0.666666666666667,0.64491341991342,0.732638888888889,1,36,equal_revolutions,train70
rbf_file_class_balanced,1,16,0.5,env_spread_order|env_centroid_order|skewness|env_entropy|env_peak_order|peak_to_peak|env_low_order_ratio|env_harmonic_ratio,36,34,0.00262570905033499,0.794117647058823,0.74863782051282,0.834033613445378,1,34,equal_revolutions,train70
rbf_file_class_balanced,0,16,2,env_entropy|env_centroid_order|skewness|env_spread_order|peak_to_peak|crest_factor|ac_rms,34,36,0.00250583398155868,0.638888888888889,0.685971685971686,0.701388888888889,1,36,equal_revolutions,train70
rbf_file_class_balanced,1,16,2,env_spread_order|env_centroid_order|skewness|env_entropy|env_peak_order|peak_to_peak|env_low_order_ratio|env_harmonic_ratio,36,34,0.00298087496776134,0.705882352941177,0.749095731854353,0.76890756302521,1,34,equal_revolutions,train70
rbf_file_class_balanced,0,64,0.03125,env_entropy|env_centroid_order|skewness|env_spread_order|peak_to_peak|crest_factor|ac_rms,34,36,0.00193150003906339,0.694444444444444,0.602863749922573,0.732638888888889,1,36,equal_revolutions,train70
rbf_file_class_balanced,1,64,0.03125,env_spread_order|env_centroid_order|skewness|env_entropy|env_peak_order|peak_to_peak|env_low_order_ratio|env_harmonic_ratio,36,34,0.00239033298566937,0.764705882352941,0.7375,0.819327731092437,1,34,equal_revolutions,train70
rbf_file_class_balanced,0,64,0.125,env_entropy|env_centroid_order|skewness|env_spread_order|peak_to_peak|crest_factor|ac_rms,34,36,0.00175637495703995,0.694444444444444,0.678801590566297,0.763888888888889,1,36,equal_revolutions,train70
rbf_file_class_balanced,1,64,0.125,env_spread_order|env_centroid_order|skewness|env_entropy|env_peak_order|peak_to_peak|env_low_order_ratio|env_harmonic_ratio,36,34,0.00224429194349796,0.794117647058823,0.820982142857143,0.834033613445378,1,34,equal_revolutions,train70
rbf_file_class_balanced,0,64,0.5,env_entropy|env_centroid_order|skewness|env_spread_order|peak_to_peak|crest_factor|ac_rms,34,36,0.0018956249114126,0.694444444444444,0.741358641358641,0.760416666666667,1,36,equal_revolutions,train70
rbf_file_class_balanced,1,64,0.5,env_spread_order|env_centroid_order|skewness|env_entropy|env_peak_order|peak_to_peak|env_low_order_ratio|env_harmonic_ratio,36,34,0.00237112503964454,0.794117647058823,0.821256868131868,0.834033613445378,1,34,equal_revolutions,train70
rbf_file_class_balanced,0,64,2,env_entropy|env_centroid_order|skewness|env_spread_order|peak_to_peak|crest_factor|ac_rms,34,36,0.00247704109642655,0.638888888888889,0.685971685971686,0.701388888888889,1,36,equal_revolutions,train70
rbf_file_class_balanced,1,64,2,env_spread_order|env_centroid_order|skewness|env_entropy|env_peak_order|peak_to_peak|env_low_order_ratio|env_harmonic_ratio,36,34,0.00297895807307214,0.705882352941177,0.75632183908046,0.76890756302521,1,34,equal_revolutions,train70
rbf_file_class_balanced,0,256,0.03125,env_entropy|env_centroid_order|skewness|env_spread_order|peak_to_peak|crest_factor|ac_rms,34,36,0.00167737493757159,0.666666666666667,0.661092530657748,0.75,1,36,equal_revolutions,train70
rbf_file_class_balanced,1,256,0.03125,env_spread_order|env_centroid_order|skewness|env_entropy|env_peak_order|peak_to_peak|env_low_order_ratio|env_harmonic_ratio,36,34,0.00202262494713068,0.794117647058823,0.826668945089998,0.834033613445378,1,34,equal_revolutions,train70
rbf_file_class_balanced,0,256,0.125,env_entropy|env_centroid_order|skewness|env_spread_order|peak_to_peak|crest_factor|ac_rms,34,36,0.00137066701427102,0.75,0.803030303030303,0.822916666666667,1,36,equal_revolutions,train70
rbf_file_class_balanced,1,256,0.125,env_spread_order|env_centroid_order|skewness|env_entropy|env_peak_order|peak_to_peak|env_low_order_ratio|env_harmonic_ratio,36,34,0.00178670801687986,0.794117647058823,0.826668945089998,0.834033613445378,1,34,equal_revolutions,train70
rbf_file_class_balanced,0,256,0.5,env_entropy|env_centroid_order|skewness|env_spread_order|peak_to_peak|crest_factor|ac_rms,34,36,0.00158862501848489,0.694444444444444,0.741060291060291,0.746527777777778,1,36,equal_revolutions,train70
rbf_file_class_balanced,1,256,0.5,env_spread_order|env_centroid_order|skewness|env_entropy|env_peak_order|peak_to_peak|env_low_order_ratio|env_harmonic_ratio,36,34,0.00196170900017023,0.794117647058823,0.821256868131868,0.834033613445378,1,34,equal_revolutions,train70
rbf_file_class_balanced,0,256,2,env_entropy|env_centroid_order|skewness|env_spread_order|peak_to_peak|crest_factor|ac_rms,34,36,0.00253345794044435,0.638888888888889,0.678674948240166,0.701388888888889,1,36,equal_revolutions,train70
rbf_file_class_balanced,1,256,2,env_spread_order|env_centroid_order|skewness|env_entropy|env_peak_order|peak_to_peak|env_low_order_ratio|env_harmonic_ratio,36,34,0.00314562499988824,0.676470588235294,0.71148056923919,0.733193277310924,1,34,equal_revolutions,train70
rbf_file_class_balanced,0,1024,0.03125,env_entropy|env_centroid_order|skewness|env_spread_order|peak_to_peak|crest_factor|ac_rms,34,36,0.00150804093573242,0.777777777777778,0.824293353705118,0.836805555555556,1,36,equal_revolutions,train70
rbf_file_class_balanced,1,1024,0.03125,env_spread_order|env_centroid_order|skewness|env_entropy|env_peak_order|peak_to_peak|env_low_order_ratio|env_harmonic_ratio,36,34,0.00184549996629357,0.794117647058823,0.826668945089998,0.834033613445378,1,34,equal_revolutions,train70
rbf_file_class_balanced,0,1024,0.125,env_entropy|env_centroid_order|skewness|env_spread_order|peak_to_peak|crest_factor|ac_rms,34,36,0.00115599995478988,0.694444444444444,0.754761904761905,0.763888888888889,1,36,equal_revolutions,train70
rbf_file_class_balanced,1,1024,0.125,env_spread_order|env_centroid_order|skewness|env_entropy|env_peak_order|peak_to_peak|env_low_order_ratio|env_harmonic_ratio,36,34,0.00160212500486523,0.794117647058823,0.826668945089998,0.834033613445378,1,34,equal_revolutions,train70
rbf_file_class_balanced,0,1024,0.5,env_entropy|env_centroid_order|skewness|env_spread_order|peak_to_peak|crest_factor|ac_rms,34,36,0.00145245902240276,0.666666666666667,0.723809523809524,0.732638888888889,1,36,equal_revolutions,train70
rbf_file_class_balanced,1,1024,0.5,env_spread_order|env_centroid_order|skewness|env_entropy|env_peak_order|peak_to_peak|env_low_order_ratio|env_harmonic_ratio,36,34,0.0019822089234367,0.764705882352941,0.805548940223863,0.8062558356676,1,34,equal_revolutions,train70
rbf_file_class_balanced,0,1024,2,env_entropy|env_centroid_order|skewness|env_spread_order|peak_to_peak|crest_factor|ac_rms,34,36,0.00274295802228153,0.638888888888889,0.681818181818182,0.701388888888889,1,36,equal_revolutions,train70
rbf_file_class_balanced,1,1024,2,env_spread_order|env_centroid_order|skewness|env_entropy|env_peak_order|peak_to_peak|env_low_order_ratio|env_harmonic_ratio,36,34,0.00342637510038912,0.617647058823529,0.667929292929293,0.664565826330532,1,34,equal_revolutions,train70
rbf_file_class_balanced,0,1,0.03125,env_entropy|env_spread_order|env_centroid_order|skewness|peak_to_peak|env_harmonic_ratio,34,36,0.00133637501858175,0.583333333333333,0.47979797979798,0.618055555555556,1,36,one_second,train70
rbf_file_class_balanced,1,1,0.03125,env_spread_order|env_centroid_order|env_entropy|skewness|env_peak_order|env_low_order_ratio|peak_to_peak,36,34,0.00136574998032302,0.617647058823529,0.520833333333333,0.664565826330532,1,34,one_second,train70
rbf_file_class_balanced,0,1,0.125,env_entropy|env_spread_order|env_centroid_order|skewness|peak_to_peak|env_harmonic_ratio,34,36,0.00121550005860627,0.638888888888889,0.582181259600615,0.725694444444444,1,36,one_second,train70
rbf_file_class_balanced,1,1,0.125,env_spread_order|env_centroid_order|env_entropy|skewness|env_peak_order|env_low_order_ratio|peak_to_peak,36,34,0.00139312504325062,0.735294117647059,0.63296568627451,0.757469654528478,1,34,one_second,train70
rbf_file_class_balanced,0,1,0.5,env_entropy|env_spread_order|env_centroid_order|skewness|peak_to_peak|env_harmonic_ratio,34,36,0.00125729199498892,0.583333333333333,0.548913043478261,0.690972222222222,1,36,one_second,train70
rbf_file_class_balanced,1,1,0.5,env_spread_order|env_centroid_order|env_entropy|skewness|env_peak_order|env_low_order_ratio|peak_to_peak,36,34,0.00140116701368243,0.794117647058823,0.748617395676219,0.820961718020542,1,34,one_second,train70
rbf_file_class_balanced,0,1,2,env_entropy|env_spread_order|env_centroid_order|skewness|peak_to_peak|env_harmonic_ratio,34,36,0.00132629205472767,0.638888888888889,0.698484848484848,0.71875,1,36,one_second,train70
rbf_file_class_balanced,1,1,2,env_spread_order|env_centroid_order|env_entropy|skewness|env_peak_order|env_low_order_ratio|peak_to_peak,36,34,0.00148208404425532,0.764705882352941,0.78514081027668,0.798319327731092,1,34,one_second,train70
rbf_file_class_balanced,0,4,0.03125,env_entropy|env_spread_order|env_centroid_order|skewness|peak_to_peak|env_harmonic_ratio,34,36,0.00117770803626627,0.583333333333333,0.47979797979798,0.618055555555556,1,36,one_second,train70
rbf_file_class_balanced,1,4,0.03125,env_spread_order|env_centroid_order|env_entropy|skewness|env_peak_order|env_low_order_ratio|peak_to_peak,36,34,0.00144716596696526,0.617647058823529,0.520833333333333,0.664565826330532,1,34,one_second,train70
rbf_file_class_balanced,0,4,0.125,env_entropy|env_spread_order|env_centroid_order|skewness|peak_to_peak|env_harmonic_ratio,34,36,0.00123445794451982,0.638888888888889,0.582181259600615,0.725694444444444,1,36,one_second,train70
rbf_file_class_balanced,1,4,0.125,env_spread_order|env_centroid_order|env_entropy|skewness|env_peak_order|env_low_order_ratio|peak_to_peak,36,34,0.00139208300970495,0.735294117647059,0.626336898395722,0.757469654528478,1,34,one_second,train70
rbf_file_class_balanced,0,4,0.5,env_entropy|env_spread_order|env_centroid_order|skewness|peak_to_peak|env_harmonic_ratio,34,36,0.00127474998589605,0.583333333333333,0.548913043478261,0.690972222222222,1,36,one_second,train70
rbf_file_class_balanced,1,4,0.5,env_spread_order|env_centroid_order|env_entropy|skewness|env_peak_order|env_low_order_ratio|peak_to_peak,36,34,0.0014746249653399,0.794117647058823,0.748617395676219,0.820961718020542,1,34,one_second,train70
rbf_file_class_balanced,0,4,2,env_entropy|env_spread_order|env_centroid_order|skewness|peak_to_peak|env_harmonic_ratio,34,36,0.00139945803675801,0.638888888888889,0.698484848484848,0.71875,1,36,one_second,train70
rbf_file_class_balanced,1,4,2,env_spread_order|env_centroid_order|env_entropy|skewness|env_peak_order|env_low_order_ratio|peak_to_peak,36,34,0.00159337499644607,0.764705882352941,0.78514081027668,0.798319327731092,1,34,one_second,train70
rbf_file_class_balanced,0,16,0.03125,env_entropy|env_spread_order|env_centroid_order|skewness|peak_to_peak|env_harmonic_ratio,34,36,0.00121166696771979,0.583333333333333,0.47979797979798,0.618055555555556,1,36,one_second,train70
rbf_file_class_balanced,1,16,0.03125,env_spread_order|env_centroid_order|env_entropy|skewness|env_peak_order|env_low_order_ratio|peak_to_peak,36,34,0.00140070798806846,0.617647058823529,0.520833333333333,0.664565826330532,1,34,one_second,train70
rbf_file_class_balanced,0,16,0.125,env_entropy|env_spread_order|env_centroid_order|skewness|peak_to_peak|env_harmonic_ratio,34,36,0.00119020801503211,0.638888888888889,0.582181259600615,0.725694444444444,1,36,one_second,train70
rbf_file_class_balanced,1,16,0.125,env_spread_order|env_centroid_order|env_entropy|skewness|env_peak_order|env_low_order_ratio|peak_to_peak,36,34,0.0013927920954302,0.823529411764706,0.769476137897191,0.848739495798319,1,34,one_second,train70
rbf_file_class_balanced,0,16,0.5,env_entropy|env_spread_order|env_centroid_order|skewness|peak_to_peak|env_harmonic_ratio,34,36,0.00130116695072502,0.583333333333333,0.583333333333333,0.690972222222222,1,36,one_second,train70
rbf_file_class_balanced,1,16,0.5,env_spread_order|env_centroid_order|env_entropy|skewness|env_peak_order|env_low_order_ratio|peak_to_peak,36,34,0.00144362507853657,0.794117647058823,0.748617395676219,0.820961718020542,1,34,one_second,train70
rbf_file_class_balanced,0,16,2,env_entropy|env_spread_order|env_centroid_order|skewness|peak_to_peak|env_harmonic_ratio,34,36,0.00154924998059869,0.638888888888889,0.698484848484848,0.71875,1,36,one_second,train70
rbf_file_class_balanced,1,16,2,env_spread_order|env_centroid_order|env_entropy|skewness|env_peak_order|env_low_order_ratio|peak_to_peak,36,34,0.00161433394532651,0.764705882352941,0.78514081027668,0.798319327731092,1,34,one_second,train70
rbf_file_class_balanced,0,64,0.03125,env_entropy|env_spread_order|env_centroid_order|skewness|peak_to_peak|env_harmonic_ratio,34,36,0.00117054197471589,0.611111111111111,0.553308823529412,0.697916666666667,1,36,one_second,train70
rbf_file_class_balanced,1,64,0.03125,env_spread_order|env_centroid_order|env_entropy|skewness|env_peak_order|env_low_order_ratio|peak_to_peak,36,34,0.00134225003421307,0.705882352941177,0.685049019607843,0.763772175536881,1,34,one_second,train70
rbf_file_class_balanced,0,64,0.125,env_entropy|env_spread_order|env_centroid_order|skewness|peak_to_peak|env_harmonic_ratio,34,36,0.0010984999826178,0.638888888888889,0.640182884748102,0.753472222222222,1,36,one_second,train70
rbf_file_class_balanced,1,64,0.125,env_spread_order|env_centroid_order|env_entropy|skewness|env_peak_order|env_low_order_ratio|peak_to_peak,36,34,0.00125900004059076,0.823529411764706,0.840967365967366,0.848739495798319,1,34,one_second,train70
rbf_file_class_balanced,0,64,0.5,env_entropy|env_spread_order|env_centroid_order|skewness|peak_to_peak|env_harmonic_ratio,34,36,0.00125987490173429,0.583333333333333,0.586720142602496,0.690972222222222,1,36,one_second,train70
rbf_file_class_balanced,1,64,0.5,env_spread_order|env_centroid_order|env_entropy|skewness|env_peak_order|env_low_order_ratio|peak_to_peak,36,34,0.00138520798645914,0.794117647058823,0.820254822576804,0.820961718020542,1,34,one_second,train70
rbf_file_class_balanced,0,64,2,env_entropy|env_spread_order|env_centroid_order|skewness|peak_to_peak|env_harmonic_ratio,34,36,0.00157254200894386,0.666666666666667,0.715431627196333,0.732638888888889,1,36,one_second,train70
rbf_file_class_balanced,1,64,2,env_spread_order|env_centroid_order|env_entropy|skewness|env_peak_order|env_low_order_ratio|peak_to_peak,36,34,0.0016994170146063,0.764705882352941,0.78514081027668,0.798319327731092,1,34,one_second,train70
rbf_file_class_balanced,0,256,0.03125,env_entropy|env_spread_order|env_centroid_order|skewness|peak_to_peak|env_harmonic_ratio,34,36,0.00109395908657461,0.722222222222222,0.715343086032741,0.829861111111111,1,36,one_second,train70
rbf_file_class_balanced,1,256,0.03125,env_spread_order|env_centroid_order|env_entropy|skewness|env_peak_order|env_low_order_ratio|peak_to_peak,36,34,0.00122124992776662,0.852941176470588,0.867794486215539,0.863445378151261,1,34,one_second,train70
rbf_file_class_balanced,0,256,0.125,env_entropy|env_spread_order|env_centroid_order|skewness|peak_to_peak|env_harmonic_ratio,34,36,0.000992582994513214,0.638888888888889,0.648148148148148,0.770833333333333,1,36,one_second,train70
rbf_file_class_balanced,1,256,0.125,env_spread_order|env_centroid_order|env_entropy|skewness|env_peak_order|env_low_order_ratio|peak_to_peak,36,34,0.0011032500769943,0.794117647058823,0.826668945089998,0.834033613445378,1,34,one_second,train70
rbf_file_class_balanced,0,256,0.5,env_entropy|env_spread_order|env_centroid_order|skewness|peak_to_peak|env_harmonic_ratio,34,36,0.00107912498060614,0.666666666666667,0.715431627196333,0.732638888888889,1,36,one_second,train70
rbf_file_class_balanced,1,256,0.5,env_spread_order|env_centroid_order|env_entropy|skewness|env_peak_order|env_low_order_ratio|peak_to_peak,36,34,0.00118537503294647,0.823529411764706,0.846570612050488,0.848739495798319,1,34,one_second,train70
rbf_file_class_balanced,0,256,2,env_entropy|env_spread_order|env_centroid_order|skewness|peak_to_peak|env_harmonic_ratio,34,36,0.00161029200535268,0.666666666666667,0.715431627196333,0.732638888888889,1,36,one_second,train70
rbf_file_class_balanced,1,256,2,env_spread_order|env_centroid_order|env_entropy|skewness|env_peak_order|env_low_order_ratio|peak_to_peak,36,34,0.0018204590305686,0.764705882352941,0.790625,0.798319327731092,1,34,one_second,train70
rbf_file_class_balanced,0,1024,0.03125,env_entropy|env_spread_order|env_centroid_order|skewness|peak_to_peak|env_harmonic_ratio,34,36,0.00104737502988428,0.638888888888889,0.65345596432553,0.788194444444444,1,36,one_second,train70
rbf_file_class_balanced,1,1024,0.03125,env_spread_order|env_centroid_order|env_entropy|skewness|env_peak_order|env_low_order_ratio|peak_to_peak,36,34,0.00109037500806153,0.794117647058823,0.826668945089998,0.834033613445378,1,34,one_second,train70
rbf_file_class_balanced,0,1024,0.125,env_entropy|env_spread_order|env_centroid_order|skewness|peak_to_peak|env_harmonic_ratio,34,36,0.00100366701371968,0.666666666666667,0.715431627196333,0.732638888888889,1,36,one_second,train70
rbf_file_class_balanced,1,1024,0.125,env_spread_order|env_centroid_order|env_entropy|skewness|env_peak_order|env_low_order_ratio|peak_to_peak,36,34,0.000992625020444393,0.794117647058823,0.826668945089998,0.834033613445378,1,34,one_second,train70
rbf_file_class_balanced,0,1024,0.5,env_entropy|env_spread_order|env_centroid_order|skewness|peak_to_peak|env_harmonic_ratio,34,36,0.00107037497218698,0.694444444444444,0.750280112044818,0.763888888888889,1,36,one_second,train70
rbf_file_class_balanced,1,1024,0.5,env_spread_order|env_centroid_order|env_entropy|skewness|env_peak_order|env_low_order_ratio|peak_to_peak,36,34,0.00114754098467529,0.823529411764706,0.847473604826546,0.835667600373483,1,34,one_second,train70
rbf_file_class_balanced,0,1024,2,env_entropy|env_spread_order|env_centroid_order|skewness|peak_to_peak|env_harmonic_ratio,34,36,0.00167820893693715,0.666666666666667,0.715431627196333,0.732638888888889,1,36,one_second,train70
rbf_file_class_balanced,1,1024,2,env_spread_order|env_centroid_order|env_entropy|skewness|env_peak_order|env_low_order_ratio|peak_to_peak,36,34,0.00185104203410447,0.882352941176471,0.866571834992888,0.857142857142857,1,34,one_second,train70
